Trade number,Type,Date and time,Signal,Price USD,Size (qty),Size (value),Net PnL USD,Return %,Commission USD,Favorable excursion USD,Favorable excursion %,Adverse excursion USD,Adverse excursion %,Cumulative PnL USD,Cumulative PnL %,Duration (bars)
1,Exit long,2024-08-22 15:30,Long Bracket,20014.5,4,159882,232.76,0.15,1.24,233.38,0.15,-378.62,-0.24,232.76,0.47,25
1,Entry long,2024-08-22 13:25,Long,19985.25,4,159882,232.76,0.15,1.24,233.38,0.15,-378.62,-0.24,232.76,0.47,25
2,Exit short,2024-08-22 17:25,Short Bracket,19806,4,158692,242.76,0.15,1.24,243.38,0.15,-38.62,-0.02,475.52,0.95,1
2,Entry short,2024-08-22 17:20,Short,19836.5,4,158692,242.76,0.15,1.24,243.38,0.15,-38.62,-0.02,475.52,0.95,1
3,Exit short,2024-08-22 19:30,Short Bracket,19670.25,4,157598,234.76,0.15,1.24,235.38,0.15,-312.62,-0.20,710.28,1.42,5
3,Entry short,2024-08-22 19:05,Short,19699.75,4,157598,234.76,0.15,1.24,235.38,0.15,-312.62,-0.20,710.28,1.42,5
4,Exit short,2024-08-22 21:40,Short Bracket,19555.75,4,156692,244.76,0.16,1.24,245.38,0.16,-124.62,-0.08,955.04,1.91,3
4,Entry short,2024-08-22 21:25,Short,19586.5,4,156692,244.76,0.16,1.24,245.38,0.16,-124.62,-0.08,955.04,1.91,3
5,Exit short,2024-08-26 16:00,Short Bracket,19700,4,157832,230.76,0.15,1.24,231.38,0.15,-150.62,-0.10,1185.8,2.37,2
5,Entry short,2024-08-26 15:50,Short,19729,4,157832,230.76,0.15,1.24,231.38,0.15,-150.62,-0.10,1185.8,2.37,2
6,Exit short,2024-08-26 18:30,Short Bracket,19624,4,156444,-549.24,-0.35,1.24,127.38,0.08,-548.62,-0.35,636.56,1.27,6
6,Entry short,2024-08-26 18:00,Short,19555.5,4,156444,-549.24,-0.35,1.24,127.38,0.08,-548.62,-0.35,636.56,1.27,6
7,Exit short,2024-08-27 15:00,Short Bracket,19483.25,4,156102,234.76,0.15,1.24,235.38,0.15,-128.62,-0.08,871.32,1.74,0
7,Entry short,2024-08-27 15:00,Short,19512.75,4,156102,234.76,0.15,1.24,235.38,0.15,-128.62,-0.08,871.32,1.74,0
8,Exit short,2024-08-28 19:50,Short Bracket,19378.25,4,155266,238.76,0.15,1.24,239.38,0.15,-44.62,-0.03,1110.08,2.22,1
8,Entry short,2024-08-28 19:45,Short,19408.25,4,155266,238.76,0.15,1.24,239.38,0.15,-44.62,-0.03,1110.08,2.22,1
9,Exit long,2024-08-29 14:30,Long Bracket,19503,4,155786,236.76,0.15,1.24,237.38,0.15,-178.62,-0.11,1346.84,2.69,9
9,Entry long,2024-08-29 13:45,Long,19473.25,4,155786,236.76,0.15,1.24,237.38,0.15,-178.62,-0.11,1346.84,2.69,9
10,Exit short,2024-08-29 22:00,Time Filter End,19394,4,154958,-195.24,-0.13,1.24,3.38,0.00,-332.62,-0.21,1151.6,2.30,1
10,Entry short,2024-08-29 21:55,Short,19369.75,4,154958,-195.24,-0.13,1.24,3.38,0.00,-332.62,-0.21,1151.6,2.30,1
11,Exit short,2024-09-03 15:30,Short Bracket,19433,4,155708,242.76,0.16,1.24,243.38,0.16,-468.62,-0.30,1394.36,2.79,27
11,Entry short,2024-09-03 13:15,Short,19463.5,4,155708,242.76,0.16,1.24,243.38,0.16,-468.62,-0.30,1394.36,2.79,27
12,Exit short,2024-09-03 17:40,Short Bracket,19165.5,4,153556,230.76,0.15,1.24,231.38,0.15,-254.62,-0.17,1625.12,3.25,1
12,Entry short,2024-09-03 17:35,Short,19194.5,4,153556,230.76,0.15,1.24,231.38,0.15,-254.62,-0.17,1625.12,3.25,1
13,Exit short,2024-09-03 20:00,Short Bracket,19094,4,152988,234.76,0.15,1.24,235.38,0.15,-92.62,-0.06,1859.88,3.72,1
13,Entry short,2024-09-03 19:55,Short,19123.5,4,152988,234.76,0.15,1.24,235.38,0.15,-92.62,-0.06,1859.88,3.72,1
14,Exit short,2024-09-03 21:40,Short Bracket,18964,4,151952,238.76,0.16,1.24,239.38,0.16,-8.62,-0.01,2098.64,4.20,0
14,Entry short,2024-09-03 21:40,Short,18994,4,151952,238.76,0.16,1.24,239.38,0.16,-8.62,-0.01,2098.64,4.20,0
15,Exit short,2024-09-06 17:50,Short Bracket,18446.25,4,147804,232.76,0.16,1.24,233.38,0.16,-72.62,-0.05,2331.4,4.66,0
15,Entry short,2024-09-06 17:50,Short,18475.5,4,147804,232.76,0.16,1.24,233.38,0.16,-72.62,-0.05,2331.4,4.66,0
16,Exit long,2024-09-09 14:10,Long Bracket,18575.75,4,149152,-547.24,-0.37,1.24,21.38,0.01,-546.62,-0.37,1784.16,3.57,23
16,Entry long,2024-09-09 12:15,Long,18644,4,149152,-547.24,-0.37,1.24,21.38,0.01,-546.62,-0.37,1784.16,3.57,23
17,Exit long,2024-09-11 20:40,Long Bracket,19150.5,4,152964,238.76,0.16,1.24,239.38,0.16,-74.62,-0.05,2022.92,4.05,2
17,Entry long,2024-09-11 20:30,Long,19120.5,4,152964,238.76,0.16,1.24,239.38,0.16,-74.62,-0.05,2022.92,4.05,2
18,Exit short,2024-09-16 13:55,Short Bracket,19439,4,155754,240.76,0.15,1.24,241.38,0.15,-42.62,-0.03,2263.68,4.53,7
18,Entry short,2024-09-16 13:20,Short,19469.25,4,155754,240.76,0.15,1.24,241.38,0.15,-42.62,-0.03,2263.68,4.53,7
19,Exit short,2024-09-16 15:30,Short Bracket,19400.5,4,155444,238.76,0.15,1.24,239.38,0.15,-84.62,-0.05,2502.44,5.00,3
19,Entry short,2024-09-16 15:15,Short,19430.5,4,155444,238.76,0.15,1.24,239.38,0.15,-84.62,-0.05,2502.44,5.00,3
20,Exit short,2024-09-16 17:15,Short Bracket,19390.25,4,154578,-545.24,-0.35,1.24,47.38,0.03,-544.62,-0.35,1957.2,3.91,2
20,Entry short,2024-09-16 17:05,Short,19322.25,4,154578,-545.24,-0.35,1.24,47.38,0.03,-544.62,-0.35,1957.2,3.91,2
21,Exit long,2024-09-17 14:30,Long Bracket,19814.5,4,158276,238.76,0.15,1.24,239.38,0.15,-352.62,-0.22,2195.96,4.39,23
21,Entry long,2024-09-17 12:35,Long,19784.5,4,158276,238.76,0.15,1.24,239.38,0.15,-352.62,-0.22,2195.96,4.39,23
22,Exit short,2024-09-17 19:45,Short Bracket,19578.5,4,156870,240.76,0.15,1.24,241.38,0.15,-250.62,-0.16,2436.72,4.87,0
22,Entry short,2024-09-17 19:45,Short,19608.75,4,156870,240.76,0.15,1.24,241.38,0.15,-250.62,-0.16,2436.72,4.87,0
23,Exit short,2024-09-26 16:55,Short Bracket,20230,4,162080,238.76,0.15,1.24,239.38,0.15,-22.62,-0.01,2675.48,5.35,0
23,Entry short,2024-09-26 16:55,Short,20260,4,162080,238.76,0.15,1.24,239.38,0.15,-22.62,-0.01,2675.48,5.35,0
24,Exit short,2024-09-26 18:40,Short Bracket,20230.75,4,162084,236.76,0.15,1.24,237.38,0.15,-12.62,-0.01,2912.24,5.82,0
24,Entry short,2024-09-26 18:40,Short,20260.5,4,162084,236.76,0.15,1.24,237.38,0.15,-12.62,-0.01,2912.24,5.82,0
25,Exit long,2024-09-27 15:35,Long Bracket,20317,4,163086,-551.24,-0.34,1.24,49.38,0.03,-550.62,-0.34,2361,4.72,4
25,Entry long,2024-09-27 15:15,Long,20385.75,4,163086,-551.24,-0.34,1.24,49.38,0.03,-550.62,-0.34,2361,4.72,4
26,Exit short,2024-09-27 20:25,Short Bracket,20198.25,4,161822,234.76,0.15,1.24,235.38,0.15,-526.62,-0.33,2595.76,5.19,25
26,Entry short,2024-09-27 18:20,Short,20227.75,4,161822,234.76,0.15,1.24,235.38,0.15,-526.62,-0.33,2595.76,5.19,25
27,Exit short,2024-10-01 16:15,Short Bracket,19915,4,159556,234.76,0.15,1.24,235.38,0.15,-12.62,-0.01,2830.52,5.66,0
27,Entry short,2024-10-01 16:15,Short,19944.5,4,159556,234.76,0.15,1.24,235.38,0.15,-12.62,-0.01,2830.52,5.66,0
28,Exit short,2024-10-07 15:25,Short Bracket,20147.75,4,160640,-543.24,-0.34,1.24,35.38,0.02,-542.62,-0.34,2287.28,4.57,39
28,Entry short,2024-10-07 12:10,Short,20080,4,160640,-543.24,-0.34,1.24,35.38,0.02,-542.62,-0.34,2287.28,4.57,39
29,Exit long,2024-10-08 15:50,Long Bracket,20123.25,4,160750,234.76,0.15,1.24,235.38,0.15,-312.62,-0.19,2522.04,5.04,42
29,Entry long,2024-10-08 12:20,Long,20093.75,4,160750,234.76,0.15,1.24,235.38,0.15,-312.62,-0.19,2522.04,5.04,42
30,Exit long,2024-10-08 16:40,Long Bracket,20232.5,4,161616,242.76,0.15,1.24,243.38,0.15,-72.62,-0.04,2764.8,5.53,0
30,Entry long,2024-10-08 16:40,Long,20202,4,161616,242.76,0.15,1.24,243.38,0.15,-72.62,-0.04,2764.8,5.53,0
31,Exit long,2024-10-08 19:05,Long Bracket,20166.25,4,161880,-551.24,-0.34,1.24,67.38,0.04,-550.62,-0.34,2213.56,4.43,5
31,Entry long,2024-10-08 18:40,Long,20235,4,161880,-551.24,-0.34,1.24,67.38,0.04,-550.62,-0.34,2213.56,4.43,5
32,Exit short,2024-10-11 15:30,Short Bracket,20335.75,4,162926,238.76,0.15,1.24,239.38,0.15,-404.62,-0.25,2452.32,4.90,41
32,Entry short,2024-10-11 12:05,Short,20365.75,4,162926,238.76,0.15,1.24,239.38,0.15,-404.62,-0.25,2452.32,4.90,41
33,Exit long,2024-10-14 15:00,Long Bracket,20547,4,164142,232.76,0.14,1.24,233.38,0.14,-158.62,-0.10,2685.08,5.37,32
33,Entry long,2024-10-14 12:20,Long,20517.75,4,164142,232.76,0.14,1.24,233.38,0.14,-158.62,-0.10,2685.08,5.37,32
34,Exit short,2024-10-15 17:15,Short Bracket,20443.25,4,163002,-545.24,-0.33,1.24,71.38,0.04,-544.62,-0.33,2139.84,4.28,1
34,Entry short,2024-10-15 17:10,Short,20375.25,4,163002,-545.24,-0.33,1.24,71.38,0.04,-544.62,-0.33,2139.84,4.28,1
35,Exit short,2024-10-15 19:25,Short Bracket,20340.75,4,162966,238.76,0.15,1.24,239.38,0.15,-150.62,-0.09,2378.6,4.76,6
35,Entry short,2024-10-15 18:55,Short,20370.75,4,162966,238.76,0.15,1.24,239.38,0.15,-150.62,-0.09,2378.6,4.76,6
36,Exit long,2024-10-17 12:50,Long Bracket,20524,4,163954,236.76,0.14,1.24,237.38,0.14,-12.62,-0.01,2615.36,5.23,9
36,Entry long,2024-10-17 12:05,Long,20494.25,4,163954,236.76,0.14,1.24,237.38,0.14,-12.62,-0.01,2615.36,5.23,9
37,Exit long,2024-10-17 15:00,Long Bracket,20572.75,4,164342,238.76,0.15,1.24,239.38,0.15,-226.62,-0.14,2854.12,5.71,4
37,Entry long,2024-10-17 14:40,Long,20542.75,4,164342,238.76,0.15,1.24,239.38,0.15,-226.62,-0.14,2854.12,5.71,4
38,Exit short,2024-10-21 13:15,Short Bracket,20355.75,4,163086,238.76,0.15,1.24,239.38,0.15,-4.62,0.00,3092.88,6.19,5
38,Entry short,2024-10-21 12:50,Short,20385.75,4,163086,238.76,0.15,1.24,239.38,0.15,-4.62,0.00,3092.88,6.19,5
39,Exit long,2024-10-21 16:35,Long Bracket,20460.25,4,164224,-543.24,-0.33,1.24,209.38,0.13,-542.62,-0.33,2549.64,5.10,5
39,Entry long,2024-10-21 16:10,Long,20528,4,164224,-543.24,-0.33,1.24,209.38,0.13,-542.62,-0.33,2549.64,5.10,5
40,Exit short,2024-10-23 18:20,Short Bracket,20277,4,162452,234.76,0.14,1.24,235.38,0.14,-40.62,-0.03,2784.4,5.57,2
40,Entry short,2024-10-23 18:10,Short,20306.5,4,162452,234.76,0.14,1.24,235.38,0.14,-40.62,-0.03,2784.4,5.57,2
41,Exit short,2024-10-23 20:05,Short Bracket,20104.25,4,161070,234.76,0.15,1.24,235.38,0.15,-52.62,-0.03,3019.16,6.04,2
41,Entry short,2024-10-23 19:55,Short,20133.75,4,161070,234.76,0.15,1.24,235.38,0.15,-52.62,-0.03,3019.16,6.04,2
42,Exit long,2024-10-25 15:40,Long Bracket,20587.5,4,164464,234.76,0.14,1.24,235.38,0.14,-100.62,-0.06,3253.92,6.51,0
42,Entry long,2024-10-25 15:40,Long,20558,4,164464,234.76,0.14,1.24,235.38,0.14,-100.62,-0.06,3253.92,6.51,0
43,Exit short,2024-10-25 20:45,Short Bracket,20561,4,163940,-549.24,-0.34,1.24,47.38,0.03,-548.62,-0.33,2704.68,5.41,6
43,Entry short,2024-10-25 20:15,Short,20492.5,4,163940,-549.24,-0.34,1.24,47.38,0.03,-548.62,-0.33,2704.68,5.41,6
44,Exit short,2024-10-28 20:55,Short Bracket,20490.5,4,164164,238.76,0.15,1.24,239.38,0.15,-324.62,-0.20,2943.44,5.89,39
44,Entry short,2024-10-28 17:40,Short,20520.5,4,164164,238.76,0.15,1.24,239.38,0.15,-324.62,-0.20,2943.44,5.89,39
45,Exit short,2024-10-31 12:15,Short Bracket,20367,4,162390,-547.24,-0.34,1.24,49.38,0.03,-546.62,-0.34,2396.2,4.79,13
45,Entry short,2024-10-31 11:10,Short,20298.75,4,162390,-547.24,-0.34,1.24,49.38,0.03,-546.62,-0.34,2396.2,4.79,13
46,Exit short,2024-10-31 16:05,Short Bracket,20054.25,4,160672,236.76,0.15,1.24,237.38,0.15,-98.62,-0.06,2632.96,5.27,2
46,Entry short,2024-10-31 15:55,Short,20084,4,160672,236.76,0.15,1.24,237.38,0.15,-98.62,-0.06,2632.96,5.27,2
47,Exit short,2024-10-31 18:35,Short Bracket,20049.25,4,160634,238.76,0.15,1.24,239.38,0.15,-284.62,-0.18,2871.72,5.74,11
47,Entry short,2024-10-31 17:40,Short,20079.25,4,160634,238.76,0.15,1.24,239.38,0.15,-284.62,-0.18,2871.72,5.74,11
48,Exit long,2024-11-07 17:45,Long Bracket,21181.25,4,169210,238.76,0.14,1.24,239.38,0.14,-220.62,-0.13,3110.48,6.22,11
48,Entry long,2024-11-07 16:50,Long,21151.25,4,169210,238.76,0.14,1.24,239.38,0.14,-220.62,-0.13,3110.48,6.22,11
49,Exit long,2024-11-07 20:45,Long Bracket,21221.75,4,169532,240.76,0.14,1.24,241.38,0.14,-322.62,-0.19,3351.24,6.70,23
49,Entry long,2024-11-07 18:50,Long,21191.5,4,169532,240.76,0.14,1.24,241.38,0.14,-322.62,-0.19,3351.24,6.70,23
50,Exit short,2024-11-15 16:15,Short Bracket,20613.25,4,165148,240.76,0.15,1.24,241.38,0.15,-112.62,-0.07,3592,7.18,1
50,Entry short,2024-11-15 16:10,Short,20643.5,4,165148,240.76,0.15,1.24,241.38,0.15,-112.62,-0.07,3592,7.18,1
51,Exit short,2024-11-15 18:50,Short Bracket,20465.5,4,163962,236.76,0.14,1.24,237.38,0.14,-144.62,-0.09,3828.76,7.66,10
51,Entry short,2024-11-15 18:00,Short,20495.25,4,163962,236.76,0.14,1.24,237.38,0.14,-144.62,-0.09,3828.76,7.66,10
52,Exit short,2024-11-15 19:55,Short Bracket,20417,4,163576,238.76,0.15,1.24,239.38,0.15,-16.62,-0.01,4067.52,8.14,2
52,Entry short,2024-11-15 19:45,Short,20447,4,163576,238.76,0.15,1.24,239.38,0.15,-16.62,-0.01,4067.52,8.14,2
53,Exit short,2024-11-20 16:05,Short Bracket,20584,4,164908,234.76,0.14,1.24,235.38,0.14,-260.62,-0.16,4302.28,8.60,1
53,Entry short,2024-11-20 16:00,Short,20613.5,4,164908,234.76,0.14,1.24,235.38,0.14,-260.62,-0.16,4302.28,8.60,1
54,Exit short,2024-11-20 19:45,Short Bracket,20564,4,164748,234.76,0.14,1.24,235.38,0.14,-524.62,-0.32,4537.04,9.07,16
54,Entry short,2024-11-20 18:25,Short,20593.5,4,164748,234.76,0.14,1.24,235.38,0.14,-524.62,-0.32,4537.04,9.07,16
55,Exit long,2024-11-21 15:30,Long Bracket,20810.75,4,167032,-547.24,-0.33,1.24,223.38,0.13,-546.62,-0.33,3989.8,7.98,3
55,Entry long,2024-11-21 15:15,Long,20879,4,167032,-547.24,-0.33,1.24,223.38,0.13,-546.62,-0.33,3989.8,7.98,3
56,Exit short,2024-11-21 16:40,Short Bracket,20596.25,4,164226,-545.24,-0.33,1.24,113.38,0.07,-544.62,-0.33,3444.56,6.89,2
56,Entry short,2024-11-21 16:30,Short,20528.25,4,164226,-545.24,-0.33,1.24,113.38,0.07,-544.62,-0.33,3444.56,6.89,2
57,Exit short,2024-11-27 17:00,Short Bracket,20704.5,4,165878,240.76,0.15,1.24,241.38,0.15,-394.62,-0.24,3685.32,7.37,4
57,Entry short,2024-11-27 16:40,Short,20734.75,4,165878,240.76,0.15,1.24,241.38,0.15,-394.62,-0.24,3685.32,7.37,4
58,Exit short,2024-11-29 14:40,Short Bracket,20819.5,4,166796,238.76,0.14,1.24,239.38,0.14,-122.62,-0.07,3924.08,7.85,11
58,Entry short,2024-11-29 13:45,Short,20849.5,4,166796,238.76,0.14,1.24,239.38,0.14,-122.62,-0.07,3924.08,7.85,11
59,Exit long,2024-11-29 16:40,Long Bracket,20977.5,4,167584,234.76,0.14,1.24,235.38,0.14,-100.62,-0.06,4158.84,8.32,6
59,Entry long,2024-11-29 16:10,Long,20948,4,167584,234.76,0.14,1.24,235.38,0.14,-100.62,-0.06,4158.84,8.32,6
60,Exit long,2024-12-02 15:30,Long Bracket,21060.25,4,168244,236.76,0.14,1.24,237.38,0.14,-210.62,-0.13,4395.6,8.79,14
60,Entry long,2024-12-02 14:20,Long,21030.5,4,168244,236.76,0.14,1.24,237.38,0.14,-210.62,-0.13,4395.6,8.79,14
61,Exit long,2024-12-02 17:35,Long Bracket,21219.25,4,169520,232.76,0.14,1.24,233.38,0.14,-186.62,-0.11,4628.36,9.26,4
61,Entry long,2024-12-02 17:15,Long,21190,4,169520,232.76,0.14,1.24,233.38,0.14,-186.62,-0.11,4628.36,9.26,4
62,Exit long,2024-12-04 15:10,Long Bracket,21456.25,4,171414,234.76,0.14,1.24,235.38,0.14,-74.62,-0.04,4863.12,9.73,10
62,Entry long,2024-12-04 14:20,Long,21426.75,4,171414,234.76,0.14,1.24,235.38,0.14,-74.62,-0.04,4863.12,9.73,10
63,Exit long,2024-12-06 19:05,Long Bracket,21650.5,4,172962,240.76,0.14,1.24,241.38,0.14,-182.62,-0.11,5103.88,10.21,19
63,Entry long,2024-12-06 17:30,Long,21620.25,4,172962,240.76,0.14,1.24,241.38,0.14,-182.62,-0.11,5103.88,10.21,19
64,Exit short,2024-12-09 16:25,Short Bracket,21577,4,172854,236.76,0.14,1.24,237.38,0.14,-338.62,-0.20,5340.64,10.68,51
64,Entry short,2024-12-09 12:10,Short,21606.75,4,172854,236.76,0.14,1.24,237.38,0.14,-338.62,-0.20,5340.64,10.68,51
65,Exit long,2024-12-10 15:40,Long Bracket,21546,4,172124,242.76,0.14,1.24,243.38,0.14,-190.62,-0.11,5583.4,11.17,28
65,Entry long,2024-12-10 13:20,Long,21515.5,4,172124,242.76,0.14,1.24,243.38,0.14,-190.62,-0.11,5583.4,11.17,28
66,Exit long,2024-12-11 15:45,Long Bracket,21666.5,4,173094,236.76,0.14,1.24,237.38,0.14,-28.62,-0.02,5820.16,11.64,0
66,Entry long,2024-12-11 15:45,Long,21636.75,4,173094,236.76,0.14,1.24,237.38,0.14,-28.62,-0.02,5820.16,11.64,0
67,Exit long,2024-12-11 19:00,Long Bracket,21793.5,4,174108,238.76,0.14,1.24,239.38,0.14,-176.62,-0.10,6058.92,12.12,18
67,Entry long,2024-12-11 17:30,Long,21763.5,4,174108,238.76,0.14,1.24,239.38,0.14,-176.62,-0.10,6058.92,12.12,18
68,Exit long,2024-12-11 21:15,Long Bracket,21815.75,4,174288,236.76,0.14,1.24,237.38,0.14,-52.62,-0.03,6295.68,12.59,24
68,Entry long,2024-12-11 19:15,Long,21786,4,174288,236.76,0.14,1.24,237.38,0.14,-52.62,-0.03,6295.68,12.59,24
69,Exit short,2024-12-12 16:25,Short Bracket,21717,4,173192,-545.24,-0.31,1.24,169.38,0.10,-544.62,-0.31,5750.44,11.50,2
69,Entry short,2024-12-12 16:15,Short,21649,4,173192,-545.24,-0.31,1.24,169.38,0.10,-544.62,-0.31,5750.44,11.50,2
70,Exit long,2024-12-16 17:20,Long Bracket,22043.25,4,176104,240.76,0.14,1.24,241.38,0.14,-226.62,-0.13,5991.2,11.98,8
70,Entry long,2024-12-16 16:40,Long,22013,4,176104,240.76,0.14,1.24,241.38,0.14,-226.62,-0.13,5991.2,11.98,8
71,Exit long,2024-12-16 18:55,Long Bracket,22088.25,4,176470,234.76,0.13,1.24,235.38,0.13,-32.62,-0.02,6225.96,12.45,6
71,Entry long,2024-12-16 18:25,Long,22058.75,4,176470,234.76,0.13,1.24,235.38,0.13,-32.62,-0.02,6225.96,12.45,6
72,Exit long,2024-12-16 22:00,Time Filter End,22110.5,4,177116,-233.24,-0.13,1.24,103.38,0.06,-338.62,-0.19,5992.72,11.99,20
72,Entry long,2024-12-16 20:20,Long,22139.5,4,177116,-233.24,-0.13,1.24,103.38,0.06,-338.62,-0.19,5992.72,11.99,20
73,Exit short,2024-12-17 17:05,Short Bracket,22325.25,4,178056,-547.24,-0.31,1.24,101.38,0.06,-546.62,-0.31,5445.48,10.89,9
73,Entry short,2024-12-17 16:20,Short,22257,4,178056,-547.24,-0.31,1.24,101.38,0.06,-546.62,-0.31,5445.48,10.89,9
74,Exit short,2024-12-18 20:50,Short Bracket,21999,4,176214,220.76,0.13,1.24,221.38,0.13,-130.62,-0.07,5666.24,11.33,0
74,Entry short,2024-12-18 20:50,Short,22026.75,4,176214,220.76,0.13,1.24,221.38,0.13,-130.62,-0.07,5666.24,11.33,0
75,Exit short,2024-12-20 13:05,Short Bracket,21059.25,4,168710,234.76,0.14,1.24,235.38,0.14,-76.62,-0.05,5901,11.80,4
75,Entry short,2024-12-20 12:45,Short,21088.75,4,168710,234.76,0.14,1.24,235.38,0.14,-76.62,-0.05,5901,11.80,4
76,Exit long,2024-12-20 15:45,Long Bracket,21238.75,4,170452,-543.24,-0.32,1.24,15.38,0.01,-542.62,-0.32,5357.76,10.72,1
76,Entry long,2024-12-20 15:40,Long,21306.5,4,170452,-543.24,-0.32,1.24,15.38,0.01,-542.62,-0.32,5357.76,10.72,1
77,Exit long,2024-12-20 18:25,Long Bracket,21800,4,174158,240.76,0.14,1.24,241.38,0.14,-76.62,-0.04,5598.52,11.20,2
77,Entry long,2024-12-20 18:15,Long,21769.75,4,174158,240.76,0.14,1.24,241.38,0.14,-76.62,-0.04,5598.52,11.20,2
78,Exit long,2024-12-24 18:50,Long Bracket,22001.5,4,175778,232.76,0.13,1.24,233.38,0.13,-246.62,-0.14,5831.28,11.66,20
78,Entry long,2024-12-24 17:10,Long,21972.25,4,175778,232.76,0.13,1.24,233.38,0.13,-246.62,-0.14,5831.28,11.66,20
79,Exit short,2024-12-26 15:35,Short Bracket,21992,4,175388,-549.24,-0.31,1.24,59.38,0.03,-548.62,-0.31,5282.04,10.56,39
79,Entry short,2024-12-26 12:20,Short,21923.5,4,175388,-549.24,-0.31,1.24,59.38,0.03,-548.62,-0.31,5282.04,10.56,39
80,Exit short,2024-12-27 15:35,Short Bracket,21745.25,4,174196,232.76,0.13,1.24,233.38,0.13,-140.62,-0.08,5514.8,11.03,0
80,Entry short,2024-12-27 15:35,Short,21774.5,4,174196,232.76,0.13,1.24,233.38,0.13,-140.62,-0.08,5514.8,11.03,0
81,Exit short,2024-12-27 18:20,Short Bracket,21499.25,4,172232,236.76,0.14,1.24,237.38,0.14,-350.62,-0.20,5751.56,11.50,5
81,Entry short,2024-12-27 17:55,Short,21529,4,172232,236.76,0.14,1.24,237.38,0.14,-350.62,-0.20,5751.56,11.50,5
82,Exit short,2024-12-30 14:50,Short Bracket,21371,4,171206,236.76,0.14,1.24,237.38,0.14,-198.62,-0.12,5988.32,11.98,2
82,Entry short,2024-12-30 14:40,Short,21400.75,4,171206,236.76,0.14,1.24,237.38,0.14,-198.62,-0.12,5988.32,11.98,2
83,Exit long,2024-12-31 14:05,Long Bracket,21445.75,4,172108,-543.24,-0.32,1.24,23.38,0.01,-542.62,-0.32,5445.08,10.89,9
83,Entry long,2024-12-31 13:20,Long,21513.5,4,172108,-543.24,-0.32,1.24,23.38,0.01,-542.62,-0.32,5445.08,10.89,9
84,Exit short,2025-01-02 20:00,Short Bracket,21065,4,167978,-543.24,-0.32,1.24,5.38,0.00,-542.62,-0.32,4901.84,9.80,1
84,Entry short,2025-01-02 19:55,Short,20997.25,4,167978,-543.24,-0.32,1.24,5.38,0.00,-542.62,-0.32,4901.84,9.80,1
85,Exit long,2025-01-06 12:25,Long Bracket,21720.25,4,173526,234.76,0.14,1.24,235.38,0.14,-28.62,-0.02,5136.6,10.27,2
85,Entry long,2025-01-06 12:15,Long,21690.75,4,173526,234.76,0.14,1.24,235.38,0.14,-28.62,-0.02,5136.6,10.27,2
86,Exit short,2025-01-06 20:55,Short Bracket,21672.5,4,173620,238.76,0.14,1.24,239.38,0.14,-168.62,-0.10,5375.36,10.75,9
86,Entry short,2025-01-06 20:10,Short,21702.5,4,173620,238.76,0.14,1.24,239.38,0.14,-168.62,-0.10,5375.36,10.75,9
87,Exit short,2025-01-08 13:35,Short Bracket,21296.25,4,169834,-537.24,-0.32,1.24,11.38,0.01,-536.62,-0.32,4838.12,9.68,0
87,Entry short,2025-01-08 13:35,Short,21229.25,4,169834,-537.24,-0.32,1.24,11.38,0.01,-536.62,-0.32,4838.12,9.68,0
88,Exit short,2025-01-10 15:45,Short Bracket,21090,4,168960,238.76,0.14,1.24,239.38,0.14,-138.62,-0.08,5076.88,10.15,0
88,Entry short,2025-01-10 15:45,Short,21120,4,168960,238.76,0.14,1.24,239.38,0.14,-138.62,-0.08,5076.88,10.15,0
89,Exit short,2025-01-10 17:35,Short Bracket,20909.25,4,167510,234.76,0.14,1.24,235.38,0.14,-138.62,-0.08,5311.64,10.62,1
89,Entry short,2025-01-10 17:30,Short,20938.75,4,167510,234.76,0.14,1.24,235.38,0.14,-138.62,-0.08,5311.64,10.62,1
90,Exit short,2025-01-14 14:15,Short Bracket,20974.75,4,168036,236.76,0.14,1.24,237.38,0.14,-10.62,-0.01,5548.4,11.10,3
90,Entry short,2025-01-14 14:00,Short,21004.5,4,168036,236.76,0.14,1.24,237.38,0.14,-10.62,-0.01,5548.4,11.10,3
91,Exit long,2025-01-15 16:00,Long Bracket,21346.25,4,170538,230.76,0.14,1.24,231.38,0.14,-230.62,-0.14,5779.16,11.56,1
91,Entry long,2025-01-15 15:55,Long,21317.25,4,170538,230.76,0.14,1.24,231.38,0.14,-230.62,-0.14,5779.16,11.56,1
92,Exit long,2025-01-17 15:00,Long Bracket,21571.25,4,172338,230.76,0.13,1.24,231.38,0.13,-16.62,-0.01,6009.92,12.02,0
92,Entry long,2025-01-17 15:00,Long,21542.25,4,172338,230.76,0.13,1.24,231.38,0.13,-16.62,-0.01,6009.92,12.02,0
93,Exit long,2025-01-22 15:30,Long Bracket,21948.25,4,175344,240.76,0.14,1.24,241.38,0.14,-154.62,-0.09,6250.68,12.50,15
93,Entry long,2025-01-22 14:15,Long,21918,4,175344,240.76,0.14,1.24,241.38,0.14,-154.62,-0.09,6250.68,12.50,15
94,Exit long,2025-01-22 17:35,Long Bracket,22061.5,4,176254,236.76,0.13,1.24,237.38,0.13,-102.62,-0.06,6487.44,12.97,3
94,Entry long,2025-01-22 17:20,Long,22031.75,4,176254,236.76,0.13,1.24,237.38,0.13,-102.62,-0.06,6487.44,12.97,3
95,Exit short,2025-01-24 19:45,Short Bracket,21895.75,4,175404,236.76,0.13,1.24,237.38,0.14,-8.62,0.00,6724.2,13.45,1
95,Entry short,2025-01-24 19:40,Short,21925.5,4,175404,236.76,0.13,1.24,237.38,0.14,-8.62,0.00,6724.2,13.45,1
96,Exit short,2025-01-24 22:00,Time Filter End,21908.75,4,174914,-357.24,-0.20,1.24,27.38,0.02,-442.62,-0.25,6366.96,12.73,6
96,Entry short,2025-01-24 21:30,Short,21864.25,4,174914,-357.24,-0.20,1.24,27.38,0.02,-442.62,-0.25,6366.96,12.73,6
97,Exit short,2025-01-29 16:25,Short Bracket,21495,4,172198,236.76,0.14,1.24,237.38,0.14,-56.62,-0.03,6603.72,13.21,0
97,Entry short,2025-01-29 16:25,Short,21524.75,4,172198,236.76,0.14,1.24,237.38,0.14,-56.62,-0.03,6603.72,13.21,0
98,Exit short,2025-01-29 19:00,Short Bracket,21468.5,4,171986,236.76,0.14,1.24,237.38,0.14,-28.62,-0.02,6840.48,13.68,1
98,Entry short,2025-01-29 18:55,Short,21498.25,4,171986,236.76,0.14,1.24,237.38,0.14,-28.62,-0.02,6840.48,13.68,1
99,Exit long,2025-01-31 17:40,Long Bracket,21883.75,4,175612,-543.24,-0.31,1.24,71.38,0.04,-542.62,-0.31,6297.24,12.59,7
99,Entry long,2025-01-31 17:05,Long,21951.5,4,175612,-543.24,-0.31,1.24,71.38,0.04,-542.62,-0.31,6297.24,12.59,7
100,Exit short,2025-01-31 20:45,Short Bracket,21596.5,4,173004,230.76,0.13,1.24,231.38,0.13,-50.62,-0.03,6528,13.06,0
100,Entry short,2025-01-31 20:45,Short,21625.5,4,173004,230.76,0.13,1.24,231.38,0.13,-50.62,-0.03,6528,13.06,0
101,Exit long,2025-02-04 18:15,Long Bracket,21622,4,173518,-543.24,-0.31,1.24,39.38,0.02,-542.62,-0.31,5984.76,11.97,7
101,Entry long,2025-02-04 17:40,Long,21689.75,4,173518,-543.24,-0.31,1.24,39.38,0.02,-542.62,-0.31,5984.76,11.97,7
102,Exit short,2025-02-06 15:45,Short Bracket,21794.5,4,173816,-541.24,-0.31,1.24,167.38,0.10,-540.62,-0.31,5443.52,10.89,34
102,Entry short,2025-02-06 12:55,Short,21727,4,173816,-541.24,-0.31,1.24,167.38,0.10,-540.62,-0.31,5443.52,10.89,34
103,Exit short,2025-02-07 17:35,Short Bracket,21643.25,4,173380,232.76,0.13,1.24,233.38,0.13,-50.62,-0.03,5676.28,11.35,0
103,Entry short,2025-02-07 17:35,Short,21672.5,4,173380,232.76,0.13,1.24,233.38,0.13,-50.62,-0.03,5676.28,11.35,0
104,Exit short,2025-02-13 14:30,Short Bracket,21870.25,4,174418,-545.24,-0.31,1.24,119.38,0.07,-544.62,-0.31,5131.04,10.26,3
104,Entry short,2025-02-13 14:15,Short,21802.25,4,174418,-545.24,-0.31,1.24,119.38,0.07,-544.62,-0.31,5131.04,10.26,3
105,Exit short,2025-02-14 15:30,Short Bracket,22126.5,4,176466,-547.24,-0.31,1.24,125.38,0.07,-546.62,-0.31,4583.8,9.17,36
105,Entry short,2025-02-14 12:30,Short,22058.25,4,176466,-547.24,-0.31,1.24,125.38,0.07,-546.62,-0.31,4583.8,9.17,36
106,Exit short,2025-02-18 17:10,Short Bracket,22206.5,4,177112,-541.24,-0.31,1.24,111.38,0.06,-540.62,-0.31,4042.56,8.09,8
106,Entry short,2025-02-18 16:30,Short,22139,4,177112,-541.24,-0.31,1.24,111.38,0.06,-540.62,-0.31,4042.56,8.09,8
107,Exit short,2025-02-18 20:50,Short Bracket,22182,4,176912,-545.24,-0.31,1.24,77.38,0.04,-544.62,-0.31,3497.32,6.99,8
107,Entry short,2025-02-18 20:10,Short,22114,4,176912,-545.24,-0.31,1.24,77.38,0.04,-544.62,-0.31,3497.32,6.99,8
108,Exit short,2025-02-19 15:45,Short Bracket,22171.25,4,177608,236.76,0.13,1.24,237.38,0.13,-438.62,-0.25,3734.08,7.47,35
108,Entry short,2025-02-19 12:50,Short,22201,4,177608,236.76,0.13,1.24,237.38,0.13,-438.62,-0.25,3734.08,7.47,35
109,Exit short,2025-02-20 17:05,Short Bracket,22056.75,4,175910,-545.24,-0.31,1.24,43.38,0.02,-544.62,-0.31,3188.84,6.38,1
109,Entry short,2025-02-20 17:00,Short,21988.75,4,175910,-545.24,-0.31,1.24,43.38,0.02,-544.62,-0.31,3188.84,6.38,1
110,Exit long,2025-02-21 15:30,Long Bracket,22173.25,4,177934,-549.24,-0.31,1.24,31.38,0.02,-548.62,-0.31,2639.6,5.28,9
110,Entry long,2025-02-21 14:45,Long,22241.75,4,177934,-549.24,-0.31,1.24,31.38,0.02,-548.62,-0.31,2639.6,5.28,9
111,Exit short,2025-02-21 16:30,Short Bracket,21975.25,4,176040,236.76,0.13,1.24,237.38,0.13,-124.62,-0.07,2876.36,5.75,0
111,Entry short,2025-02-21 16:30,Short,22005,4,176040,236.76,0.13,1.24,237.38,0.13,-124.62,-0.07,2876.36,5.75,0
112,Exit short,2025-02-21 18:15,Short Bracket,21921.75,4,175608,232.76,0.13,1.24,233.38,0.13,-42.62,-0.02,3109.12,6.22,0
112,Entry short,2025-02-21 18:15,Short,21951,4,175608,232.76,0.13,1.24,233.38,0.13,-42.62,-0.02,3109.12,6.22,0
113,Exit short,2025-02-21 20:20,Short Bracket,21727.5,4,174062,240.76,0.14,1.24,241.38,0.14,-210.62,-0.12,3349.88,6.70,3
113,Entry short,2025-02-21 20:05,Short,21757.75,4,174062,240.76,0.14,1.24,241.38,0.14,-210.62,-0.12,3349.88,6.70,3
114,Exit short,2025-02-21 22:00,Time Filter End,21683,4,173488,22.76,0.01,1.24,139.38,0.08,-148.62,-0.09,3372.64,6.75,2
114,Entry short,2025-02-21 21:50,Short,21686,4,173488,22.76,0.01,1.24,139.38,0.08,-148.62,-0.09,3372.64,6.75,2
115,Exit short,2025-02-25 17:45,Short Bracket,21109.5,4,168334,-543.24,-0.32,1.24,227.38,0.14,-542.62,-0.32,2829.4,5.66,2
115,Entry short,2025-02-25 17:35,Short,21041.75,4,168334,-543.24,-0.32,1.24,227.38,0.14,-542.62,-0.32,2829.4,5.66,2
116,Exit short,2025-02-26 21:25,Short Bracket,21161.25,4,168750,-541.24,-0.32,1.24,127.38,0.08,-540.62,-0.32,2288.16,4.58,5
116,Entry short,2025-02-26 21:00,Short,21093.75,4,168750,-541.24,-0.32,1.24,127.38,0.08,-540.62,-0.32,2288.16,4.58,5
117,Exit short,2025-02-27 16:10,Short Bracket,21044.75,4,167814,-545.24,-0.32,1.24,233.38,0.14,-544.62,-0.32,1742.92,3.49,1
117,Entry short,2025-02-27 16:05,Short,20976.75,4,167814,-545.24,-0.32,1.24,233.38,0.14,-544.62,-0.32,1742.92,3.49,1
118,Exit short,2025-02-27 21:55,Short Bracket,20613.25,4,165144,236.76,0.14,1.24,237.38,0.14,-28.62,-0.02,1979.68,3.96,0
118,Entry short,2025-02-27 21:55,Short,20643,4,165144,236.76,0.14,1.24,237.38,0.14,-28.62,-0.02,1979.68,3.96,0
119,Exit short,2025-03-04 15:00,Short Bracket,20358.5,4,162326,-543.24,-0.33,1.24,233.38,0.14,-542.62,-0.33,1436.44,2.87,11
119,Entry short,2025-03-04 14:05,Short,20290.75,4,162326,-543.24,-0.33,1.24,233.38,0.14,-542.62,-0.33,1436.44,2.87,11
120,Exit long,2025-03-04 21:05,Long Bracket,20645.5,4,164924,238.76,0.14,1.24,239.38,0.15,-100.62,-0.06,1675.2,3.35,0
120,Entry long,2025-03-04 21:05,Long,20615.5,4,164924,238.76,0.14,1.24,239.38,0.15,-100.62,-0.06,1675.2,3.35,0
121,Exit short,2025-03-05 15:00,Short Bracket,20404.75,4,163472,232.76,0.14,1.24,233.38,0.14,-126.62,-0.08,1907.96,3.82,2
121,Entry short,2025-03-05 14:50,Short,20434,4,163472,232.76,0.14,1.24,233.38,0.14,-126.62,-0.08,1907.96,3.82,2
122,Exit short,2025-03-05 16:35,Short Bracket,20432.75,4,162908,-555.24,-0.34,1.24,35.38,0.02,-554.62,-0.34,1352.72,2.71,0
122,Entry short,2025-03-05 16:35,Short,20363.5,4,162908,-555.24,-0.34,1.24,35.38,0.02,-554.62,-0.34,1352.72,2.71,0
123,Exit short,2025-03-06 14:10,Short Bracket,20326.5,4,162850,236.76,0.15,1.24,237.38,0.15,-276.62,-0.17,1589.48,3.18,6
123,Entry short,2025-03-06 13:40,Short,20356.25,4,162850,236.76,0.15,1.24,237.38,0.15,-276.62,-0.17,1589.48,3.18,6
124,Exit short,2025-03-06 15:30,Short Bracket,20280.75,4,162484,236.76,0.15,1.24,237.38,0.15,-48.62,-0.03,1826.24,3.65,0
124,Entry short,2025-03-06 15:30,Short,20310.5,4,162484,236.76,0.15,1.24,237.38,0.15,-48.62,-0.03,1826.24,3.65,0
125,Exit short,2025-03-10 17:30,Short Bracket,19616.75,4,156388,-547.24,-0.35,1.24,207.38,0.13,-546.62,-0.35,1279,2.56,2
125,Entry short,2025-03-10 17:20,Short,19548.5,4,156388,-547.24,-0.35,1.24,207.38,0.13,-546.62,-0.35,1279,2.56,2
126,Exit short,2025-03-10 19:40,Short Bracket,19401.25,4,155444,232.76,0.15,1.24,233.38,0.15,-304.62,-0.20,1511.76,3.02,2
126,Entry short,2025-03-10 19:30,Short,19430.5,4,155444,232.76,0.15,1.24,233.38,0.15,-304.62,-0.20,1511.76,3.02,2
127,Exit long,2025-03-12 13:55,Long Bracket,19727.25,4,157584,232.76,0.15,1.24,233.38,0.15,-444.62,-0.28,1744.52,3.49,4
127,Entry long,2025-03-12 13:35,Long,19698,4,157584,232.76,0.15,1.24,233.38,0.15,-444.62,-0.28,1744.52,3.49,4
128,Exit long,2025-03-17 13:40,Long Bracket,19768.25,4,157908,236.76,0.15,1.24,237.38,0.15,-166.62,-0.11,1981.28,3.96,1
128,Entry long,2025-03-17 13:35,Long,19738.5,4,157908,236.76,0.15,1.24,237.38,0.15,-166.62,-0.11,1981.28,3.96,1
129,Exit short,2025-03-18 16:25,Short Bracket,19696.5,4,157028,-545.24,-0.35,1.24,59.38,0.04,-544.62,-0.35,1436.04,2.87,3
129,Entry short,2025-03-18 16:10,Short,19628.5,4,157028,-545.24,-0.35,1.24,59.38,0.04,-544.62,-0.35,1436.04,2.87,3
130,Exit short,2025-03-20 11:10,Short Bracket,19882.75,4,159302,238.76,0.15,1.24,239.38,0.15,-74.62,-0.05,1674.8,3.35,1
130,Entry short,2025-03-20 11:05,Short,19912.75,4,159302,238.76,0.15,1.24,239.38,0.15,-74.62,-0.05,1674.8,3.35,1
131,Exit long,2025-03-24 12:10,Long Bracket,20238.5,4,161670,236.76,0.15,1.24,237.38,0.15,-30.62,-0.02,1911.56,3.82,9
131,Entry long,2025-03-24 11:25,Long,20208.75,4,161670,236.76,0.15,1.24,237.38,0.15,-30.62,-0.02,1911.56,3.82,9
132,Exit long,2025-03-24 14:35,Long Bracket,20289.75,4,162084,232.76,0.14,1.24,233.38,0.14,-254.62,-0.16,2144.32,4.29,13
132,Entry long,2025-03-24 13:30,Long,20260.5,4,162084,232.76,0.14,1.24,233.38,0.14,-254.62,-0.16,2144.32,4.29,13
133,Exit long,2025-03-25 15:25,Long Bracket,20452,4,163382,232.76,0.14,1.24,233.38,0.14,-482.62,-0.30,2377.08,4.75,23
133,Entry long,2025-03-25 13:30,Long,20422.75,4,163382,232.76,0.14,1.24,233.38,0.14,-482.62,-0.30,2377.08,4.75,23
134,Exit short,2025-03-26 16:50,Short Bracket,20221.75,4,162008,232.76,0.14,1.24,233.38,0.14,-88.62,-0.05,2609.84,5.22,1
134,Entry short,2025-03-26 16:45,Short,20251,4,162008,232.76,0.14,1.24,233.38,0.14,-88.62,-0.05,2609.84,5.22,1
135,Exit short,2025-03-26 18:35,Short Bracket,20091,4,160968,238.76,0.15,1.24,239.38,0.15,-24.62,-0.02,2848.6,5.70,1
135,Entry short,2025-03-26 18:30,Short,20121,4,160968,238.76,0.15,1.24,239.38,0.15,-24.62,-0.02,2848.6,5.70,1
136,Exit short,2025-03-28 17:15,Short Bracket,19511.75,4,156336,240.76,0.15,1.24,241.38,0.15,-324.62,-0.21,3089.36,6.18,3
136,Entry short,2025-03-28 17:00,Short,19542,4,156336,240.76,0.15,1.24,241.38,0.15,-324.62,-0.21,3089.36,6.18,3
137,Exit short,2025-03-28 20:30,Short Bracket,19430.75,4,155680,232.76,0.15,1.24,233.38,0.15,-372.62,-0.24,3322.12,6.64,10
137,Entry short,2025-03-28 19:40,Short,19460,4,155680,232.76,0.15,1.24,233.38,0.15,-372.62,-0.24,3322.12,6.64,10
138,Exit short,2025-04-01 15:25,Short Bracket,19412.5,4,154750,-551.24,-0.36,1.24,115.38,0.07,-550.62,-0.36,2770.88,5.54,20
138,Entry short,2025-04-01 13:45,Short,19343.75,4,154750,-551.24,-0.36,1.24,115.38,0.07,-550.62,-0.36,2770.88,5.54,20
139,Exit short,2025-04-02 13:55,Short Bracket,19424.5,4,155626,228.76,0.15,1.24,229.38,0.15,-48.62,-0.03,2999.64,6.00,1
139,Entry short,2025-04-02 13:50,Short,19453.25,4,155626,228.76,0.15,1.24,229.38,0.15,-48.62,-0.03,2999.64,6.00,1
140,Exit long,2025-04-02 17:20,Long Bracket,19663.5,4,157066,240.76,0.15,1.24,241.38,0.15,-440.62,-0.28,3240.4,6.48,4
140,Entry long,2025-04-02 17:00,Long,19633.25,4,157066,240.76,0.15,1.24,241.38,0.15,-440.62,-0.28,3240.4,6.48,4
141,Exit short,2025-04-04 13:00,Short Bracket,18121.5,4,144424,-549.24,-0.38,1.24,169.38,0.12,-548.62,-0.38,2691.16,5.38,1
141,Entry short,2025-04-04 12:55,Short,18053,4,144424,-549.24,-0.38,1.24,169.38,0.12,-548.62,-0.38,2691.16,5.38,1
142,Exit long,2025-04-08 15:30,Long Bracket,18179,4,145196,234.76,0.16,1.24,235.38,0.16,-314.62,-0.22,2925.92,5.85,0
142,Entry long,2025-04-08 15:30,Long,18149.5,4,145196,234.76,0.16,1.24,235.38,0.16,-314.62,-0.22,2925.92,5.85,0
143,Exit long,2025-04-09 19:25,Long Bracket,18413.5,4,147090,216.76,0.15,1.24,217.38,0.15,-228.62,-0.16,3142.68,6.29,0
143,Entry long,2025-04-09 19:25,Long,18386.25,4,147090,216.76,0.15,1.24,217.38,0.15,-228.62,-0.16,3142.68,6.29,0
144,Exit long,2025-04-09 21:15,Long Bracket,19058.25,4,152234,230.76,0.15,1.24,231.38,0.15,-4.62,0.00,3373.44,6.75,0
144,Entry long,2025-04-09 21:15,Long,19029.25,4,152234,230.76,0.15,1.24,231.38,0.15,-4.62,0.00,3373.44,6.75,0
145,Exit short,2025-04-14 19:00,Short Bracket,18852.5,4,150274,-547.24,-0.36,1.24,87.38,0.06,-546.62,-0.36,2826.2,5.65,0
145,Entry short,2025-04-14 19:00,Short,18784.25,4,150274,-547.24,-0.36,1.24,87.38,0.06,-546.62,-0.36,2826.2,5.65,0
146,Exit short,2025-04-16 20:55,Short Bracket,18220.75,4,145998,230.76,0.16,1.24,231.38,0.16,-34.62,-0.02,3056.96,6.11,1
146,Entry short,2025-04-16 20:50,Short,18249.75,4,145998,230.76,0.16,1.24,231.38,0.16,-34.62,-0.02,3056.96,6.11,1
147,Exit short,2025-04-21 17:30,Short Bracket,17853.5,4,143066,236.76,0.17,1.24,237.38,0.17,-44.62,-0.03,3293.72,6.59,1
147,Entry short,2025-04-21 17:25,Short,17883.25,4,143066,236.76,0.17,1.24,237.38,0.17,-44.62,-0.03,3293.72,6.59,1
148,Exit short,2025-04-21 19:45,Short Bracket,17715.5,4,141964,238.76,0.17,1.24,239.38,0.17,-244.62,-0.17,3532.48,7.06,7
148,Entry short,2025-04-21 19:10,Short,17745.5,4,141964,238.76,0.17,1.24,239.38,0.17,-244.62,-0.17,3532.48,7.06,7
149,Exit short,2025-04-21 21:05,Short Bracket,17773.25,4,141638,-549.24,-0.39,1.24,27.38,0.02,-548.62,-0.39,2983.24,5.97,2
149,Entry short,2025-04-21 20:55,Short,17704.75,4,141638,-549.24,-0.39,1.24,27.38,0.02,-548.62,-0.39,2983.24,5.97,2
150,Exit long,2025-04-22 17:05,Long Bracket,18371,4,146728,238.76,0.16,1.24,239.38,0.16,-24.62,-0.02,3222,6.44,1
150,Entry long,2025-04-22 17:00,Long,18341,4,146728,238.76,0.16,1.24,239.38,0.16,-24.62,-0.02,3222,6.44,1
151,Exit long,2025-04-23 12:35,Long Bracket,18885.75,4,150852,232.76,0.15,1.24,233.38,0.15,-94.62,-0.06,3454.76,6.91,5
151,Entry long,2025-04-23 12:10,Long,18856.5,4,150852,232.76,0.15,1.24,233.38,0.15,-94.62,-0.06,3454.76,6.91,5
152,Exit long,2025-04-23 14:30,Long Bracket,18929.25,4,151198,234.76,0.16,1.24,235.38,0.16,-10.62,-0.01,3689.52,7.38,1
152,Entry long,2025-04-23 14:25,Long,18899.75,4,151198,234.76,0.16,1.24,235.38,0.16,-10.62,-0.01,3689.52,7.38,1
153,Exit long,2025-04-23 16:35,Long Bracket,19165.25,4,153084,236.76,0.15,1.24,237.38,0.16,-156.62,-0.10,3926.28,7.85,0
153,Entry long,2025-04-23 16:35,Long,19135.5,4,153084,236.76,0.15,1.24,237.38,0.16,-156.62,-0.10,3926.28,7.85,0
154,Exit long,2025-04-24 15:30,Long Bracket,18888,4,150866,236.76,0.16,1.24,237.38,0.16,-290.62,-0.19,4163.04,8.33,10
154,Entry long,2025-04-24 14:40,Long,18858.25,4,150866,236.76,0.16,1.24,237.38,0.16,-290.62,-0.19,4163.04,8.33,10
155,Exit long,2025-04-24 17:10,Long Bracket,19183.75,4,153230,238.76,0.16,1.24,239.38,0.16,-530.62,-0.35,4401.8,8.80,7
155,Entry long,2025-04-24 16:35,Long,19153.75,4,153230,238.76,0.16,1.24,239.38,0.16,-530.62,-0.35,4401.8,8.80,7
156,Exit long,2025-04-24 18:25,Long Bracket,19234,4,153634,236.76,0.15,1.24,237.38,0.15,-88.62,-0.06,4638.56,9.28,0
156,Entry long,2025-04-24 18:25,Long,19204.25,4,153634,236.76,0.15,1.24,237.38,0.15,-88.62,-0.06,4638.56,9.28,0
157,Exit long,2025-04-24 20:35,Long Bracket,19307.25,4,154216,240.76,0.16,1.24,241.38,0.16,-140.62,-0.09,4879.32,9.76,5
157,Entry long,2025-04-24 20:10,Long,19277,4,154216,240.76,0.16,1.24,241.38,0.16,-140.62,-0.09,4879.32,9.76,5
158,Exit short,2025-04-30 15:35,Short Bracket,19211.75,4,153932,236.76,0.15,1.24,237.38,0.15,-530.62,-0.34,5116.08,10.23,5
158,Entry short,2025-04-30 15:10,Short,19241.5,4,153932,236.76,0.15,1.24,237.38,0.15,-530.62,-0.34,5116.08,10.23,5
159,Exit long,2025-05-02 16:15,Long Bracket,20161.75,4,161056,236.76,0.15,1.24,237.38,0.15,-130.62,-0.08,5352.84,10.71,1
159,Entry long,2025-05-02 16:10,Long,20132,4,161056,236.76,0.15,1.24,237.38,0.15,-130.62,-0.08,5352.84,10.71,1
160,Exit short,2025-05-07 18:45,Short Bracket,19880.25,4,158500,-543.24,-0.34,1.24,51.38,0.03,-542.62,-0.34,4809.6,9.62,3
160,Entry short,2025-05-07 18:30,Short,19812.5,4,158500,-543.24,-0.34,1.24,51.38,0.03,-542.62,-0.34,4809.6,9.62,3
161,Exit short,2025-05-08 17:10,Short Bracket,20084.5,4,160130,-547.24,-0.34,1.24,179.38,0.11,-546.62,-0.34,4262.36,8.52,2
161,Entry short,2025-05-08 17:00,Short,20016.25,4,160130,-547.24,-0.34,1.24,179.38,0.11,-546.62,-0.34,4262.36,8.52,2
162,Exit long,2025-05-12 12:30,Long Bracket,20953.75,4,167396,232.76,0.14,1.24,233.38,0.14,-36.62,-0.02,4495.12,8.99,0
162,Entry long,2025-05-12 12:30,Long,20924.5,4,167396,232.76,0.14,1.24,233.38,0.14,-36.62,-0.02,4495.12,8.99,0
163,Exit long,2025-05-12 15:05,Long Bracket,20889.25,4,167658,-545.24,-0.33,1.24,59.38,0.04,-544.62,-0.32,3949.88,7.90,8
163,Entry long,2025-05-12 14:25,Long,20957.25,4,167658,-545.24,-0.33,1.24,59.38,0.04,-544.62,-0.32,3949.88,7.90,8
164,Exit long,2025-05-13 15:35,Long Bracket,21043.5,4,168108,238.76,0.14,1.24,239.38,0.14,-322.62,-0.19,4188.64,8.38,12
164,Entry long,2025-05-13 14:35,Long,21013.5,4,168108,238.76,0.14,1.24,239.38,0.14,-322.62,-0.19,4188.64,8.38,12
165,Exit long,2025-05-13 17:25,Long Bracket,21278.5,4,169994,232.76,0.14,1.24,233.38,0.14,-148.62,-0.09,4421.4,8.84,4
165,Entry long,2025-05-13 17:05,Long,21249.25,4,169994,232.76,0.14,1.24,233.38,0.14,-148.62,-0.09,4421.4,8.84,4
166,Exit long,2025-05-13 21:55,Long Bracket,21267.25,4,170682,-545.24,-0.32,1.24,93.38,0.05,-544.62,-0.32,3876.16,7.75,37
166,Entry long,2025-05-13 18:50,Long,21335.25,4,170682,-545.24,-0.32,1.24,93.38,0.05,-544.62,-0.32,3876.16,7.75,37
167,Exit long,2025-05-16 15:35,Long Bracket,21414.25,4,171862,-549.24,-0.32,1.24,173.38,0.10,-548.62,-0.32,3326.92,6.65,20
167,Entry long,2025-05-16 13:55,Long,21482.75,4,171862,-549.24,-0.32,1.24,173.38,0.10,-548.62,-0.32,3326.92,6.65,20
168,Exit long,2025-05-19 17:35,Long Bracket,21451.25,4,171376,232.76,0.14,1.24,233.38,0.14,-200.62,-0.12,3559.68,7.12,3
168,Entry long,2025-05-19 17:20,Long,21422,4,171376,232.76,0.14,1.24,233.38,0.14,-200.62,-0.12,3559.68,7.12,3
169,Exit long,2025-05-21 19:00,Long Bracket,21487,4,172438,-543.24,-0.32,1.24,29.38,0.02,-542.62,-0.31,3016.44,6.03,2
169,Entry long,2025-05-21 18:50,Long,21554.75,4,172438,-543.24,-0.32,1.24,29.38,0.02,-542.62,-0.31,3016.44,6.03,2
170,Exit short,2025-05-21 21:05,Short Bracket,21158.5,4,169506,236.76,0.14,1.24,237.38,0.14,-134.62,-0.08,3253.2,6.51,2
170,Entry short,2025-05-21 20:55,Short,21188.25,4,169506,236.76,0.14,1.24,237.38,0.14,-134.62,-0.08,3253.2,6.51,2
171,Exit short,2025-05-23 15:25,Short Bracket,20836.5,4,166154,-539.24,-0.32,1.24,109.38,0.07,-538.62,-0.32,2713.96,5.43,4
171,Entry short,2025-05-23 15:05,Short,20769.25,4,166154,-539.24,-0.32,1.24,109.38,0.07,-538.62,-0.32,2713.96,5.43,4
172,Exit long,2025-05-28 15:35,Long Bracket,21546.5,4,172130,240.76,0.14,1.24,241.38,0.14,-226.62,-0.13,2954.72,5.91,16
172,Entry long,2025-05-28 14:15,Long,21516.25,4,172130,240.76,0.14,1.24,241.38,0.14,-226.62,-0.13,2954.72,5.91,16
173,Exit short,2025-05-29 16:20,Short Bracket,21385.25,4,171318,234.76,0.14,1.24,235.38,0.14,-276.62,-0.16,3189.48,6.38,2
173,Entry short,2025-05-29 16:10,Short,21414.75,4,171318,234.76,0.14,1.24,235.38,0.14,-276.62,-0.16,3189.48,6.38,2
174,Exit long,2025-06-03 17:00,Long Bracket,21672.25,4,173140,236.76,0.14,1.24,237.38,0.14,-30.62,-0.02,3426.24,6.85,1
174,Entry long,2025-06-03 16:55,Long,21642.5,4,173140,236.76,0.14,1.24,237.38,0.14,-30.62,-0.02,3426.24,6.85,1
175,Exit short,2025-06-05 21:10,Short Bracket,21643,4,173386,240.76,0.14,1.24,241.38,0.14,-104.62,-0.06,3667,7.33,1
175,Entry short,2025-06-05 21:05,Short,21673.25,4,173386,240.76,0.14,1.24,241.38,0.14,-104.62,-0.06,3667,7.33,1
176,Exit long,2025-06-06 16:25,Long Bracket,21790.25,4,174866,-545.24,-0.31,1.24,39.38,0.02,-544.62,-0.31,3121.76,6.24,7
176,Entry long,2025-06-06 15:50,Long,21858.25,4,174866,-545.24,-0.31,1.24,39.38,0.02,-544.62,-0.31,3121.76,6.24,7
177,Exit short,2025-06-11 22:00,Time Filter End,21888.25,4,174686,-421.24,-0.24,1.24,101.38,0.06,-452.62,-0.26,2700.52,5.40,8
177,Entry short,2025-06-11 21:20,Short,21835.75,4,174686,-421.24,-0.24,1.24,101.38,0.06,-452.62,-0.26,2700.52,5.40,8
178,Exit long,2025-06-16 18:40,Long Bracket,22146.25,4,177710,-541.24,-0.30,1.24,65.38,0.04,-540.62,-0.30,2159.28,4.32,16
178,Entry long,2025-06-16 17:20,Long,22213.75,4,177710,-541.24,-0.30,1.24,65.38,0.04,-540.62,-0.30,2159.28,4.32,16
179,Exit short,2025-06-17 22:00,Time Filter End,21957.25,4,175490,-169.24,-0.10,1.24,225.38,0.13,-522.62,-0.30,1990.04,3.98,18
179,Entry short,2025-06-17 20:30,Short,21936.25,4,175490,-169.24,-0.10,1.24,225.38,0.13,-522.62,-0.30,1990.04,3.98,18
180,Exit short,2025-06-20 00:00,Short Bracket,21747.75,4,173438,-545.24,-0.31,1.24,11.38,0.01,-544.62,-0.31,1444.8,2.89,12
180,Entry short,2025-06-19 18:00,Short,21679.75,4,173438,-545.24,-0.31,1.24,11.38,0.01,-544.62,-0.31,1444.8,2.89,12
181,Exit long,2025-06-20 15:20,Long Bracket,22058,4,176230,232.76,0.13,1.24,233.38,0.13,-58.62,-0.03,1677.56,3.36,5
181,Entry long,2025-06-20 14:55,Long,22028.75,4,176230,232.76,0.13,1.24,233.38,0.13,-58.62,-0.03,1677.56,3.36,5
182,Exit short,2025-06-20 17:00,Short Bracket,21775.75,4,174444,236.76,0.14,1.24,237.38,0.14,-304.62,-0.17,1914.32,3.83,1
182,Entry short,2025-06-20 16:55,Short,21805.5,4,174444,236.76,0.14,1.24,237.38,0.14,-304.62,-0.17,1914.32,3.83,1
183,Exit long,2025-06-25 15:35,Long Bracket,22538.25,4,180068,236.76,0.13,1.24,237.38,0.13,-146.62,-0.08,2151.08,4.30,7
183,Entry long,2025-06-25 15:00,Long,22508.5,4,180068,236.76,0.13,1.24,237.38,0.13,-146.62,-0.08,2151.08,4.30,7
184,Exit long,2025-06-26 15:35,Long Bracket,22502.5,4,180562,-543.24,-0.30,1.24,117.38,0.07,-542.62,-0.30,1607.84,3.22,39
184,Entry long,2025-06-26 12:20,Long,22570.25,4,180562,-543.24,-0.30,1.24,117.38,0.07,-542.62,-0.30,1607.84,3.22,39
185,Exit short,2025-07-02 13:45,Short Bracket,22664.5,4,181554,236.76,0.13,1.24,237.38,0.13,-62.62,-0.03,1844.6,3.69,14
185,Entry short,2025-07-02 12:35,Short,22694.25,4,181554,236.76,0.13,1.24,237.38,0.13,-62.62,-0.03,1844.6,3.69,14
186,Exit short,2025-07-02 14:40,Short Bracket,22609.5,4,181106,228.76,0.13,1.24,229.38,0.13,-46.62,-0.03,2073.36,4.15,2
186,Entry short,2025-07-02 14:30,Short,22638.25,4,181106,228.76,0.13,1.24,229.38,0.13,-46.62,-0.03,2073.36,4.15,2
187,Exit long,2025-07-02 16:50,Long Bracket,22821,4,182330,236.76,0.13,1.24,237.38,0.13,-152.62,-0.08,2310.12,4.62,4
187,Entry long,2025-07-02 16:30,Long,22791.25,4,182330,236.76,0.13,1.24,237.38,0.13,-152.62,-0.08,2310.12,4.62,4
188,Exit long,2025-07-02 22:00,Time Filter End,22844,4,182680,70.76,0.04,1.24,189.38,0.10,-212.62,-0.12,2380.88,4.76,44
188,Entry long,2025-07-02 18:20,Long,22835,4,182680,70.76,0.04,1.24,189.38,0.10,-212.62,-0.12,2380.88,4.76,44
189,Exit long,2025-07-03 17:40,Long Bracket,23089.75,4,184482,234.76,0.13,1.24,235.38,0.13,-30.62,-0.02,2615.64,5.23,6
189,Entry long,2025-07-03 17:10,Long,23060.25,4,184482,234.76,0.13,1.24,235.38,0.13,-30.62,-0.02,2615.64,5.23,6
190,Exit short,2025-07-04 12:50,Short Bracket,22906.25,4,183488,236.76,0.13,1.24,237.38,0.13,-102.62,-0.06,2852.4,5.70,6
190,Entry short,2025-07-04 12:20,Short,22936,4,183488,236.76,0.13,1.24,237.38,0.13,-102.62,-0.06,2852.4,5.70,6
191,Exit long,2025-07-09 15:45,Long Bracket,23084.5,4,184444,230.76,0.13,1.24,231.38,0.13,-4.62,0.00,3083.16,6.17,0
191,Entry long,2025-07-09 15:45,Long,23055.5,4,184444,230.76,0.13,1.24,231.38,0.13,-4.62,0.00,3083.16,6.17,0
192,Exit short,2025-07-10 17:40,Short Bracket,23010.25,4,183536,-547.24,-0.30,1.24,35.38,0.02,-546.62,-0.30,2535.92,5.07,13
192,Entry short,2025-07-10 16:35,Short,22942,4,183536,-547.24,-0.30,1.24,35.38,0.02,-546.62,-0.30,2535.92,5.07,13
193,Exit long,2025-07-21 21:55,Long Bracket,23331.5,4,187196,-545.24,-0.29,1.24,191.38,0.10,-544.62,-0.29,1990.68,3.98,52
193,Entry long,2025-07-21 17:35,Long,23399.5,4,187196,-545.24,-0.29,1.24,191.38,0.10,-544.62,-0.29,1990.68,3.98,52
194,Exit short,2025-07-22 19:25,Short Bracket,23236.5,4,185346,-547.24,-0.30,1.24,71.38,0.04,-546.62,-0.29,1443.44,2.89,35
194,Entry short,2025-07-22 16:30,Short,23168.25,4,185346,-547.24,-0.30,1.24,71.38,0.04,-546.62,-0.29,1443.44,2.89,35
195,Exit short,2025-07-23 17:00,Short Bracket,23218.5,4,185198,-551.24,-0.30,1.24,13.38,0.01,-550.62,-0.30,892.2,1.78,9
195,Entry short,2025-07-23 16:15,Short,23149.75,4,185198,-551.24,-0.30,1.24,13.38,0.01,-550.62,-0.30,892.2,1.78,9
196,Exit short,2025-07-28 17:15,Short Bracket,23458,4,187904,238.76,0.13,1.24,239.38,0.13,-318.62,-0.17,1130.96,2.26,36
196,Entry short,2025-07-28 14:15,Short,23488,4,187904,238.76,0.13,1.24,239.38,0.13,-318.62,-0.17,1130.96,2.26,36
197,Exit short,2025-07-28 22:00,Time Filter End,23492.25,4,187630,-309.24,-0.16,1.24,65.38,0.03,-336.62,-0.18,821.72,1.64,17
197,Entry short,2025-07-28 20:35,Short,23453.75,4,187630,-309.24,-0.16,1.24,65.38,0.03,-336.62,-0.18,821.72,1.64,17
198,Exit long,2025-07-29 15:30,Long Bracket,23629,4,188792,238.76,0.13,1.24,239.38,0.13,-212.62,-0.11,1060.48,2.12,35
198,Entry long,2025-07-29 12:35,Long,23599,4,188792,238.76,0.13,1.24,239.38,0.13,-212.62,-0.11,1060.48,2.12,35
199,Exit short,2025-07-31 16:50,Short Bracket,23572.75,4,188820,236.76,0.13,1.24,237.38,0.13,-64.62,-0.03,1297.24,2.59,0
199,Entry short,2025-07-31 16:50,Short,23602.5,4,188820,236.76,0.13,1.24,237.38,0.13,-64.62,-0.03,1297.24,2.59,0
200,Exit short,2025-07-31 19:30,Short Bracket,23423.75,4,187624,232.76,0.12,1.24,233.38,0.12,-56.62,-0.03,1530,3.06,0
200,Entry short,2025-07-31 19:30,Short,23453,4,187624,232.76,0.12,1.24,233.38,0.12,-56.62,-0.03,1530,3.06,0
201,Exit short,2025-07-31 21:50,Short Bracket,23347.25,4,187018,238.76,0.13,1.24,239.38,0.13,-302.62,-0.16,1768.76,3.54,4
201,Entry short,2025-07-31 21:30,Short,23377.25,4,187018,238.76,0.13,1.24,239.38,0.13,-302.62,-0.16,1768.76,3.54,4
202,Exit short,2025-08-01 15:30,Short Bracket,23030.75,4,184480,232.76,0.13,1.24,233.38,0.13,-284.62,-0.15,2001.52,4.00,1
202,Entry short,2025-08-01 15:25,Short,23060,4,184480,232.76,0.13,1.24,233.38,0.13,-284.62,-0.15,2001.52,4.00,1
203,Exit short,2025-08-05 18:20,Short Bracket,23203,4,185078,-547.24,-0.30,1.24,169.38,0.09,-546.62,-0.30,1454.28,2.91,8
203,Entry short,2025-08-05 17:40,Short,23134.75,4,185078,-547.24,-0.30,1.24,169.38,0.09,-546.62,-0.30,1454.28,2.91,8
204,Exit short,2025-08-06 13:30,Short Bracket,23192,4,184996,-541.24,-0.29,1.24,135.38,0.07,-540.62,-0.29,913.04,1.83,9
204,Entry short,2025-08-06 12:45,Short,23124.5,4,184996,-541.24,-0.29,1.24,135.38,0.07,-540.62,-0.29,913.04,1.83,9
205,Exit long,2025-08-07 15:55,Long Bracket,23652,4,188978,236.76,0.13,1.24,237.38,0.13,-422.62,-0.22,1149.8,2.30,36
205,Entry long,2025-08-07 12:55,Long,23622.25,4,188978,236.76,0.13,1.24,237.38,0.13,-422.62,-0.22,1149.8,2.30,36
206,Exit short,2025-08-07 18:40,Short Bracket,23446.75,4,187804,228.76,0.12,1.24,229.38,0.12,-310.62,-0.17,1378.56,2.76,6
206,Entry short,2025-08-07 18:10,Short,23475.5,4,187804,228.76,0.12,1.24,229.38,0.12,-310.62,-0.17,1378.56,2.76,6
207,Exit short,2025-08-07 20:05,Short Bracket,23383,4,187304,238.76,0.13,1.24,239.38,0.13,-38.62,-0.02,1617.32,3.23,0
207,Entry short,2025-08-07 20:05,Short,23413,4,187304,238.76,0.13,1.24,239.38,0.13,-38.62,-0.02,1617.32,3.23,0
208,Exit long,2025-08-08 18:15,Long Bracket,23706,4,189410,236.76,0.12,1.24,237.38,0.13,-514.62,-0.27,1854.08,3.71,21
208,Entry long,2025-08-08 16:30,Long,23676.25,4,189410,236.76,0.12,1.24,237.38,0.13,-514.62,-0.27,1854.08,3.71,21
209,Exit short,2025-08-11 21:50,Short Bracket,23623.25,4,189224,236.76,0.13,1.24,237.38,0.13,-54.62,-0.03,2090.84,4.18,3
209,Entry short,2025-08-11 21:35,Short,23653,4,189224,236.76,0.13,1.24,237.38,0.13,-54.62,-0.03,2090.84,4.18,3
210,Exit long,2025-08-12 20:20,Long Bracket,23932,4,191218,236.76,0.12,1.24,237.38,0.12,-6.62,0.00,2327.6,4.66,7
210,Entry long,2025-08-12 19:45,Long,23902.25,4,191218,236.76,0.12,1.24,237.38,0.12,-6.62,0.00,2327.6,4.66,7
211,Exit long,2025-08-12 22:00,Time Filter End,23933.75,4,191392,76.76,0.04,1.24,201.38,0.11,-120.62,-0.06,2404.36,4.81,6
211,Entry long,2025-08-12 21:30,Long,23924,4,191392,76.76,0.04,1.24,201.38,0.11,-120.62,-0.06,2404.36,4.81,6
212,Exit long,2025-08-13 15:30,Long Bracket,24062,4,192258,236.76,0.12,1.24,237.38,0.12,-28.62,-0.01,2641.12,5.28,2
212,Entry long,2025-08-13 15:20,Long,24032.25,4,192258,236.76,0.12,1.24,237.38,0.12,-28.62,-0.01,2641.12,5.28,2
213,Exit short,2025-08-13 18:50,Short Bracket,23894.75,4,191400,240.76,0.13,1.24,241.38,0.13,-118.62,-0.06,2881.88,5.76,10
213,Entry short,2025-08-13 18:00,Short,23925,4,191400,240.76,0.13,1.24,241.38,0.13,-118.62,-0.06,2881.88,5.76,10
214,Exit short,2025-08-15 15:40,Short Bracket,23847.5,4,191016,234.76,0.12,1.24,235.38,0.12,-402.62,-0.21,3116.64,6.23,43
214,Entry short,2025-08-15 12:05,Short,23877,4,191016,234.76,0.12,1.24,235.38,0.12,-402.62,-0.21,3116.64,6.23,43
215,Exit short,2025-08-18 16:45,Short Bracket,23731.5,4,190088,234.76,0.12,1.24,235.38,0.12,-508.62,-0.27,3351.4,6.70,53
215,Entry short,2025-08-18 12:20,Short,23761,4,190088,234.76,0.12,1.24,235.38,0.12,-508.62,-0.27,3351.4,6.70,53
216,Exit short,2025-08-19 16:55,Short Bracket,23553.25,4,188666,238.76,0.13,1.24,239.38,0.13,-134.62,-0.07,3590.16,7.18,2
216,Entry short,2025-08-19 16:45,Short,23583.25,4,188666,238.76,0.13,1.24,239.38,0.13,-134.62,-0.07,3590.16,7.18,2
217,Exit short,2025-08-19 18:40,Short Bracket,23499.75,4,188238,238.76,0.13,1.24,239.38,0.13,-82.62,-0.04,3828.92,7.66,1
217,Entry short,2025-08-19 18:35,Short,23529.75,4,188238,238.76,0.13,1.24,239.38,0.13,-82.62,-0.04,3828.92,7.66,1
218,Exit short,2025-08-25 15:30,Short Bracket,23453.5,4,187864,234.76,0.12,1.24,235.38,0.13,-284.62,-0.15,4063.68,8.13,37
218,Entry short,2025-08-25 12:25,Short,23483,4,187864,234.76,0.12,1.24,235.38,0.13,-284.62,-0.15,4063.68,8.13,37
219,Exit short,2025-08-29 15:35,Short Bracket,23600.5,4,189040,234.76,0.12,1.24,235.38,0.12,-406.62,-0.22,4298.44,8.60,18
219,Entry short,2025-08-29 14:05,Short,23630,4,189040,234.76,0.12,1.24,235.38,0.12,-406.62,-0.22,4298.44,8.60,18
220,Exit short,2025-08-29 16:05,Short Bracket,23451.25,4,187848,236.76,0.13,1.24,237.38,0.13,-76.62,-0.04,4535.2,9.07,0
220,Entry short,2025-08-29 16:05,Short,23481,4,187848,236.76,0.13,1.24,237.38,0.13,-76.62,-0.04,4535.2,9.07,0
221,Exit short,2025-08-29 19:10,Short Bracket,23418,4,187580,234.76,0.13,1.24,235.38,0.13,-352.62,-0.19,4769.96,9.54,16
221,Entry short,2025-08-29 17:50,Short,23447.5,4,187580,234.76,0.13,1.24,235.38,0.13,-352.62,-0.19,4769.96,9.54,16
222,Exit short,2025-09-02 14:00,Short Bracket,23202,4,185854,236.76,0.13,1.24,237.38,0.13,-124.62,-0.07,5006.72,10.01,4
222,Entry short,2025-09-02 13:40,Short,23231.75,4,185854,236.76,0.13,1.24,237.38,0.13,-124.62,-0.07,5006.72,10.01,4
223,Exit long,2025-09-03 15:30,Long Bracket,23379.75,4,187580,-543.24,-0.29,1.24,75.38,0.04,-542.62,-0.29,4463.48,8.93,27
223,Entry long,2025-09-03 13:15,Long,23447.5,4,187580,-543.24,-0.29,1.24,75.38,0.04,-542.62,-0.29,4463.48,8.93,27
224,Exit long,2025-09-10 15:30,Long Bracket,23943,4,192090,-547.24,-0.28,1.24,29.38,0.02,-546.62,-0.28,3916.24,7.83,9
224,Entry long,2025-09-10 14:45,Long,24011.25,4,192090,-547.24,-0.28,1.24,29.38,0.02,-546.62,-0.28,3916.24,7.83,9
225,Exit short,2025-09-10 21:10,Short Bracket,23814.5,4,190758,240.76,0.13,1.24,241.38,0.13,-184.62,-0.10,4157,8.31,3
225,Entry short,2025-09-10 20:55,Short,23844.75,4,190758,240.76,0.13,1.24,241.38,0.13,-184.62,-0.10,4157,8.31,3
226,Exit long,2025-09-15 21:55,Long Bracket,24296,4,194130,236.76,0.12,1.24,237.38,0.12,-206.62,-0.11,4393.76,8.79,58
226,Entry long,2025-09-15 17:05,Long,24266.25,4,194130,236.76,0.12,1.24,237.38,0.12,-206.62,-0.11,4393.76,8.79,58
227,Exit short,2025-09-16 22:00,Time Filter End,24524.75,4,196130,-69.24,-0.04,1.24,137.38,0.07,-360.62,-0.18,4324.52,8.65,59
227,Entry short,2025-09-16 17:05,Short,24516.25,4,196130,-69.24,-0.04,1.24,137.38,0.07,-360.62,-0.18,4324.52,8.65,59
228,Exit short,2025-09-17 20:00,Short Bracket,24469,4,195206,-547.24,-0.28,1.24,207.38,0.11,-546.62,-0.28,3777.28,7.55,23
228,Entry short,2025-09-17 18:05,Short,24400.75,4,195206,-547.24,-0.28,1.24,207.38,0.11,-546.62,-0.28,3777.28,7.55,23
229,Exit long,2025-09-18 14:25,Long Bracket,24757.5,4,197828,230.76,0.12,1.24,231.38,0.12,-284.62,-0.14,4008.04,8.02,26
229,Entry long,2025-09-18 12:15,Long,24728.5,4,197828,230.76,0.12,1.24,231.38,0.12,-284.62,-0.14,4008.04,8.02,26
230,Exit long,2025-09-22 18:10,Long Bracket,24945.5,4,199330,232.76,0.12,1.24,233.38,0.12,-150.62,-0.08,4240.8,8.48,16
230,Entry long,2025-09-22 16:50,Long,24916.25,4,199330,232.76,0.12,1.24,233.38,0.12,-150.62,-0.08,4240.8,8.48,16
231,Exit long,2025-09-22 21:15,Long Bracket,25026,4,199974,232.76,0.12,1.24,233.38,0.12,-110.62,-0.06,4473.56,8.95,17
231,Entry long,2025-09-22 19:50,Long,24996.75,4,199974,232.76,0.12,1.24,233.38,0.12,-110.62,-0.06,4473.56,8.95,17
232,Exit short,2025-09-23 19:00,Short Bracket,24913,4,199544,238.76,0.12,1.24,239.38,0.12,-216.62,-0.11,4712.32,9.42,23
232,Entry short,2025-09-23 17:05,Short,24943,4,199544,238.76,0.12,1.24,239.38,0.12,-216.62,-0.11,4712.32,9.42,23
233,Exit short,2025-09-23 19:35,Short Bracket,24838.5,4,198946,236.76,0.12,1.24,237.38,0.12,-90.62,-0.05,4949.08,9.90,1
233,Entry short,2025-09-23 19:30,Short,24868.25,4,198946,236.76,0.12,1.24,237.38,0.12,-90.62,-0.05,4949.08,9.90,1
234,Exit long,2025-09-24 15:30,Long Bracket,24835.5,4,199226,-543.24,-0.27,1.24,75.38,0.04,-542.62,-0.27,4405.84,8.81,41
234,Entry long,2025-09-24 12:05,Long,24903.25,4,199226,-543.24,-0.27,1.24,75.38,0.04,-542.62,-0.27,4405.84,8.81,41
235,Exit short,2025-09-24 17:40,Short Bracket,24760.5,4,198318,232.76,0.12,1.24,233.38,0.12,-160.62,-0.08,4638.6,9.28,6
235,Entry short,2025-09-24 17:10,Short,24789.75,4,198318,232.76,0.12,1.24,233.38,0.12,-160.62,-0.08,4638.6,9.28,6
236,Exit short,2025-09-25 13:00,Short Bracket,24669.25,4,197596,240.76,0.12,1.24,241.38,0.12,-80.62,-0.04,4879.36,9.76,7
236,Entry short,2025-09-25 12:25,Short,24699.5,4,197596,240.76,0.12,1.24,241.38,0.12,-80.62,-0.04,4879.36,9.76,7
237,Exit short,2025-09-25 14:45,Short Bracket,24557.75,4,196704,240.76,0.12,1.24,241.38,0.12,-32.62,-0.02,5120.12,10.24,1
237,Entry short,2025-09-25 14:40,Short,24588,4,196704,240.76,0.12,1.24,241.38,0.12,-32.62,-0.02,5120.12,10.24,1
238,Exit short,2025-09-29 19:00,Short Bracket,24812.5,4,198738,236.76,0.12,1.24,237.38,0.12,-30.62,-0.02,5356.88,10.71,2
238,Entry short,2025-09-29 18:50,Short,24842.25,4,198738,236.76,0.12,1.24,237.38,0.12,-30.62,-0.02,5356.88,10.71,2
239,Exit long,2025-10-01 19:25,Long Bracket,24985.25,4,199644,236.76,0.12,1.24,237.38,0.12,-28.62,-0.01,5593.64,11.19,5
239,Entry long,2025-10-01 19:00,Long,24955.5,4,199644,236.76,0.12,1.24,237.38,0.12,-28.62,-0.01,5593.64,11.19,5
240,Exit long,2025-10-02 15:35,Long Bracket,25106.25,4,201398,-549.24,-0.27,1.24,41.38,0.02,-548.62,-0.27,5044.4,10.09,5
240,Entry long,2025-10-02 15:10,Long,25174.75,4,201398,-549.24,-0.27,1.24,41.38,0.02,-548.62,-0.27,5044.4,10.09,5
241,Exit short,2025-10-03 14:45,Short Bracket,25106.75,4,201094,238.76,0.12,1.24,239.38,0.12,-80.62,-0.04,5283.16,10.57,3
241,Entry short,2025-10-03 14:30,Short,25136.75,4,201094,238.76,0.12,1.24,239.38,0.12,-80.62,-0.04,5283.16,10.57,3
242,Exit short,2025-10-07 17:45,Short Bracket,24997.75,4,200218,234.76,0.12,1.24,235.38,0.12,-324.62,-0.16,5517.92,11.04,1
242,Entry short,2025-10-07 17:40,Short,25027.25,4,200218,234.76,0.12,1.24,235.38,0.12,-324.62,-0.16,5517.92,11.04,1
243,Exit long,2025-10-08 17:25,Long Bracket,25234.5,4,201642,232.76,0.12,1.24,233.38,0.12,-38.62,-0.02,5750.68,11.50,3
243,Entry long,2025-10-08 17:10,Long,25205.25,4,201642,232.76,0.12,1.24,233.38,0.12,-38.62,-0.02,5750.68,11.50,3
244,Exit long,2025-10-08 21:15,Long Bracket,25298.75,4,202150,238.76,0.12,1.24,239.38,0.12,-62.62,-0.03,5989.44,11.98,20
244,Entry long,2025-10-08 19:35,Long,25268.75,4,202150,238.76,0.12,1.24,239.38,0.12,-62.62,-0.03,5989.44,11.98,20
245,Exit short,2025-10-09 19:15,Short Bracket,25180,4,201678,236.76,0.12,1.24,237.38,0.12,-520.62,-0.26,6226.2,12.45,20
245,Entry short,2025-10-09 17:35,Short,25209.75,4,201678,236.76,0.12,1.24,237.38,0.12,-520.62,-0.26,6226.2,12.45,20
246,Exit short,2025-10-10 18:40,Short Bracket,24750.75,4,198236,228.76,0.12,1.24,229.38,0.12,-96.62,-0.05,6454.96,12.91,0
246,Entry short,2025-10-10 18:40,Short,24779.5,4,198236,228.76,0.12,1.24,229.38,0.12,-96.62,-0.05,6454.96,12.91,0
247,Exit short,2025-10-10 20:45,Short Bracket,24621,4,197204,234.76,0.12,1.24,235.38,0.12,-98.62,-0.05,6689.72,13.38,1
247,Entry short,2025-10-10 20:40,Short,24650.5,4,197204,234.76,0.12,1.24,235.38,0.12,-98.62,-0.05,6689.72,13.38,1
248,Exit long,2025-10-20 16:40,Long Bracket,25301.25,4,202164,244.76,0.12,1.24,245.38,0.12,-44.62,-0.02,6934.48,13.87,1
248,Entry long,2025-10-20 16:35,Long,25270.5,4,202164,244.76,0.12,1.24,245.38,0.12,-44.62,-0.02,6934.48,13.87,1
249,Exit long,2025-10-20 19:15,Long Bracket,25345,4,202518,240.76,0.12,1.24,241.38,0.12,-26.62,-0.01,7175.24,14.35,3
249,Entry long,2025-10-20 19:00,Long,25314.75,4,202518,240.76,0.12,1.24,241.38,0.12,-26.62,-0.01,7175.24,14.35,3
250,Exit short,2025-10-22 18:40,Short Bracket,24969.5,4,199992,234.76,0.12,1.24,235.38,0.12,-180.62,-0.09,7410,14.82,1
250,Entry short,2025-10-22 18:35,Short,24999,4,199992,234.76,0.12,1.24,235.38,0.12,-180.62,-0.09,7410,14.82,1
251,Exit short,2025-10-23 14:00,Short Bracket,24958.5,4,199906,236.76,0.12,1.24,237.38,0.12,-24.62,-0.01,7646.76,15.29,3
251,Entry short,2025-10-23 13:45,Short,24988.25,4,199906,236.76,0.12,1.24,237.38,0.12,-24.62,-0.01,7646.76,15.29,3
252,Exit long,2025-10-23 17:40,Long Bracket,25119.5,4,201498,-543.24,-0.27,1.24,177.38,0.09,-542.62,-0.27,7103.52,14.21,12
252,Entry long,2025-10-23 16:40,Long,25187.25,4,201498,-543.24,-0.27,1.24,177.38,0.09,-542.62,-0.27,7103.52,14.21,12
253,Exit long,2025-10-24 15:35,Long Bracket,25506.25,4,203808,240.76,0.12,1.24,241.38,0.12,-368.62,-0.18,7344.28,14.69,4
253,Entry long,2025-10-24 15:15,Long,25476,4,203808,240.76,0.12,1.24,241.38,0.12,-368.62,-0.18,7344.28,14.69,4
254,Exit long,2025-10-28 17:30,Long Bracket,26100.5,4,208564,238.76,0.11,1.24,239.38,0.11,-516.62,-0.25,7583.04,15.17,35
254,Entry long,2025-10-28 14:35,Long,26070.5,4,208564,238.76,0.11,1.24,239.38,0.11,-516.62,-0.25,7583.04,15.17,35
255,Exit long,2025-10-28 19:15,Long Bracket,26165.5,4,209088,234.76,0.11,1.24,235.38,0.11,-86.62,-0.04,7817.8,15.64,10
255,Entry long,2025-10-28 18:25,Long,26136,4,209088,234.76,0.11,1.24,235.38,0.11,-86.62,-0.04,7817.8,15.64,10
256,Exit long,2025-10-28 21:00,Time Filter End,26159.75,4,209652,-375.24,-0.18,1.24,203.38,0.10,-388.62,-0.19,7442.56,14.89,8
256,Entry long,2025-10-28 20:20,Long,26206.5,4,209652,-375.24,-0.18,1.24,203.38,0.10,-388.62,-0.19,7442.56,14.89,8
257,Exit short,2025-10-30 14:35,Short Bracket,26013.25,4,208346,238.76,0.11,1.24,239.38,0.11,-8.62,0.00,7681.32,15.36,0
257,Entry short,2025-10-30 14:35,Short,26043.25,4,208346,238.76,0.11,1.24,239.38,0.11,-8.62,0.00,7681.32,15.36,0
258,Exit short,2025-10-31 16:45,Short Bracket,26090.5,4,208958,232.76,0.11,1.24,233.38,0.11,-304.62,-0.15,7914.08,15.83,0
258,Entry short,2025-10-31 16:45,Short,26119.75,4,208958,232.76,0.11,1.24,233.38,0.11,-304.62,-0.15,7914.08,15.83,0
259,Exit short,2025-10-31 18:50,Short Bracket,25977.5,4,207280,-541.24,-0.26,1.24,177.38,0.09,-540.62,-0.26,7372.84,14.75,4
259,Entry short,2025-10-31 18:30,Short,25910,4,207280,-541.24,-0.26,1.24,177.38,0.09,-540.62,-0.26,7372.84,14.75,4
260,Exit long,2025-11-03 15:00,Long Bracket,26194.75,4,209314,242.76,0.12,1.24,243.38,0.12,-246.62,-0.12,7615.6,15.23,34
260,Entry long,2025-11-03 12:10,Long,26164.25,4,209314,242.76,0.12,1.24,243.38,0.12,-246.62,-0.12,7615.6,15.23,34
261,Exit long,2025-11-05 21:45,Long Bracket,25800.25,4,206944,-543.24,-0.26,1.24,83.38,0.04,-542.62,-0.26,7072.36,14.14,16
261,Entry long,2025-11-05 20:25,Long,25868,4,206944,-543.24,-0.26,1.24,83.38,0.04,-542.62,-0.26,7072.36,14.14,16
262,Exit short,2025-11-06 15:50,Short Bracket,25577.25,4,204852,232.76,0.11,1.24,233.38,0.11,-532.62,-0.26,7305.12,14.61,1
262,Entry short,2025-11-06 15:45,Short,25606.5,4,204852,232.76,0.11,1.24,233.38,0.11,-532.62,-0.26,7305.12,14.61,1
263,Exit short,2025-11-06 17:45,Short Bracket,25228,4,202062,236.76,0.12,1.24,237.38,0.12,-10.62,-0.01,7541.88,15.08,0
263,Entry short,2025-11-06 17:45,Short,25257.75,4,202062,236.76,0.12,1.24,237.38,0.12,-10.62,-0.01,7541.88,15.08,0
264,Exit short,2025-11-07 12:30,Short Bracket,25094.25,4,200992,236.76,0.12,1.24,237.38,0.12,-280.62,-0.14,7778.64,15.56,3
264,Entry short,2025-11-07 12:15,Short,25124,4,200992,236.76,0.12,1.24,237.38,0.12,-280.62,-0.14,7778.64,15.56,3
265,Exit short,2025-11-07 18:05,Short Bracket,24716,4,197964,234.76,0.12,1.24,235.38,0.12,-102.62,-0.05,8013.4,16.03,1
265,Entry short,2025-11-07 18:00,Short,24745.5,4,197964,234.76,0.12,1.24,235.38,0.12,-102.62,-0.05,8013.4,16.03,1
266,Exit short,2025-11-12 16:35,Short Bracket,25569.75,4,204798,238.76,0.12,1.24,239.38,0.12,-228.62,-0.11,8252.16,16.50,2
266,Entry short,2025-11-12 16:25,Short,25599.75,4,204798,238.76,0.12,1.24,239.38,0.12,-228.62,-0.11,8252.16,16.50,2
267,Exit short,2025-11-13 16:40,Short Bracket,25287.75,4,202538,234.76,0.12,1.24,235.38,0.12,-192.62,-0.10,8486.92,16.97,1
267,Entry short,2025-11-13 16:35,Short,25317.25,4,202538,234.76,0.12,1.24,235.38,0.12,-192.62,-0.10,8486.92,16.97,1
268,Exit short,2025-11-13 18:55,Short Bracket,25141.5,4,201374,240.76,0.12,1.24,241.38,0.12,-48.62,-0.02,8727.68,17.46,1
268,Entry short,2025-11-13 18:50,Short,25171.75,4,201374,240.76,0.12,1.24,241.38,0.12,-48.62,-0.02,8727.68,17.46,1
269,Exit short,2025-11-14 13:35,Short Bracket,24721.75,4,198016,240.76,0.12,1.24,241.38,0.12,-252.62,-0.13,8968.44,17.94,4
269,Entry short,2025-11-14 13:15,Short,24752,4,198016,240.76,0.12,1.24,241.38,0.12,-252.62,-0.13,8968.44,17.94,4
270,Exit short,2025-11-14 15:35,Short Bracket,24711.5,4,197144,-549.24,-0.28,1.24,1.38,0.00,-548.62,-0.28,8419.2,16.84,0
270,Entry short,2025-11-14 15:35,Short,24643,4,197144,-549.24,-0.28,1.24,1.38,0.00,-548.62,-0.28,8419.2,16.84,0
271,Exit long,2025-11-14 18:10,Long Bracket,25277.75,4,201984,236.76,0.12,1.24,237.38,0.12,-142.62,-0.07,8655.96,17.31,1
271,Entry long,2025-11-14 18:05,Long,25248,4,201984,236.76,0.12,1.24,237.38,0.12,-142.62,-0.07,8655.96,17.31,1
272,Exit short,2025-11-17 13:45,Short Bracket,25120.25,4,201202,238.76,0.12,1.24,239.38,0.12,-66.62,-0.03,8894.72,17.79,2
272,Entry short,2025-11-17 13:35,Short,25150.25,4,201202,238.76,0.12,1.24,239.38,0.12,-66.62,-0.03,8894.72,17.79,2
273,Exit short,2025-11-17 15:25,Short Bracket,25003.25,4,200258,230.76,0.12,1.24,231.38,0.12,-162.62,-0.08,9125.48,18.25,1
273,Entry short,2025-11-17 15:20,Short,25032.25,4,200258,230.76,0.12,1.24,231.38,0.12,-162.62,-0.08,9125.48,18.25,1
274,Exit short,2025-11-20 17:55,Short Bracket,24620.75,4,197198,230.76,0.12,1.24,231.38,0.12,-82.62,-0.04,9356.24,18.71,0
274,Entry short,2025-11-20 17:55,Short,24649.75,4,197198,230.76,0.12,1.24,231.38,0.12,-82.62,-0.04,9356.24,18.71,0
275,Exit short,2025-11-20 19:40,Short Bracket,24343.75,4,194986,234.76,0.12,1.24,235.38,0.12,-92.62,-0.05,9591,19.18,0
275,Entry short,2025-11-20 19:40,Short,24373.25,4,194986,234.76,0.12,1.24,235.38,0.12,-92.62,-0.05,9591,19.18,0
276,Exit short,2025-11-20 21:35,Short Bracket,24240.25,4,194156,232.76,0.12,1.24,233.38,0.12,-338.62,-0.17,9823.76,19.65,2
276,Entry short,2025-11-20 21:25,Short,24269.5,4,194156,232.76,0.12,1.24,233.38,0.12,-338.62,-0.17,9823.76,19.65,2
277,Exit long,2025-11-24 18:35,Long Bracket,24904.75,4,199000,236.76,0.12,1.24,237.38,0.12,-370.62,-0.19,10060.52,20.12,9
277,Entry long,2025-11-24 17:50,Long,24875,4,199000,236.76,0.12,1.24,237.38,0.12,-370.62,-0.19,10060.52,20.12,9
278,Exit long,2025-11-24 21:50,Long Bracket,24972.25,4,199540,236.76,0.12,1.24,237.38,0.12,-394.62,-0.20,10297.28,20.59,21
278,Entry long,2025-11-24 20:05,Long,24942.5,4,199540,236.76,0.12,1.24,237.38,0.12,-394.62,-0.20,10297.28,20.59,21
279,Exit long,2025-11-28 17:05,Long Bracket,25426.25,4,203172,236.76,0.12,1.24,237.38,0.12,-536.62,-0.26,10534.04,21.07,18
279,Entry long,2025-11-28 15:35,Long,25396.5,4,203172,236.76,0.12,1.24,237.38,0.12,-536.62,-0.26,10534.04,21.07,18
280,Exit long,2025-12-02 15:05,Long Bracket,25522.75,4,203944,236.76,0.12,1.24,237.38,0.12,-282.62,-0.14,10770.8,21.54,33
280,Entry long,2025-12-02 12:20,Long,25493,4,203944,236.76,0.12,1.24,237.38,0.12,-282.62,-0.14,10770.8,21.54,33
281,Exit short,2025-12-08 18:00,Short Bracket,25614.25,4,205152,236.76,0.12,1.24,237.38,0.12,-104.62,-0.05,11007.56,22.02,4
281,Entry short,2025-12-08 17:40,Short,25644,4,205152,236.76,0.12,1.24,237.38,0.12,-104.62,-0.05,11007.56,22.02,4
282,Exit short,2025-12-12 12:35,Short Bracket,25548.75,4,204622,230.76,0.11,1.24,231.38,0.11,-84.62,-0.04,11238.32,22.48,6
282,Entry short,2025-12-12 12:05,Short,25577.75,4,204622,230.76,0.11,1.24,231.38,0.11,-84.62,-0.04,11238.32,22.48,6
283,Exit long,2025-12-15 14:45,Long Bracket,25375.75,4,202774,230.76,0.11,1.24,231.38,0.11,-190.62,-0.09,11469.08,22.94,26
283,Entry long,2025-12-15 12:35,Long,25346.75,4,202774,230.76,0.11,1.24,231.38,0.11,-190.62,-0.09,11469.08,22.94,26
284,Exit short,2025-12-15 16:20,Short Bracket,25099,4,201020,226.76,0.11,1.24,227.38,0.11,-366.62,-0.18,11695.84,23.39,0
284,Entry short,2025-12-15 16:20,Short,25127.5,4,201020,226.76,0.11,1.24,227.38,0.11,-366.62,-0.18,11695.84,23.39,0
285,Exit short,2025-12-17 16:40,Short Bracket,25161.75,4,201534,238.76,0.12,1.24,239.38,0.12,-186.62,-0.09,11934.6,23.87,0
285,Entry short,2025-12-17 16:40,Short,25191.75,4,201534,238.76,0.12,1.24,239.38,0.12,-186.62,-0.09,11934.6,23.87,0
286,Exit short,2025-12-17 19:05,Short Bracket,25076,4,200060,-549.24,-0.27,1.24,35.38,0.02,-548.62,-0.27,11385.36,22.77,3
286,Entry short,2025-12-17 18:50,Short,25007.5,4,200060,-549.24,-0.27,1.24,35.38,0.02,-548.62,-0.27,11385.36,22.77,3
287,Exit short,2025-12-17 21:55,Short Bracket,24896.5,4,199414,240.76,0.12,1.24,241.38,0.12,-470.62,-0.24,11626.12,23.25,16
287,Entry short,2025-12-17 20:35,Short,24926.75,4,199414,240.76,0.12,1.24,241.38,0.12,-470.62,-0.24,11626.12,23.25,16
288,Exit long,2025-12-23 22:00,Time Filter End,25811,4,206470,16.76,0.01,1.24,91.38,0.04,-44.62,-0.02,11642.88,23.29,1
288,Entry long,2025-12-23 21:55,Long,25808.75,4,206470,16.76,0.01,1.24,91.38,0.04,-44.62,-0.02,11642.88,23.29,1
289,Exit short,2025-12-31 19:40,Short Bracket,25622.25,4,204430,-549.24,-0.27,1.24,7.38,0.00,-548.62,-0.27,11093.64,22.19,32
289,Entry short,2025-12-31 17:00,Short,25553.75,4,204430,-549.24,-0.27,1.24,7.38,0.00,-548.62,-0.27,11093.64,22.19,32
290,Exit short,2025-12-31 21:55,Short Bracket,25449.25,4,203836,240.76,0.12,1.24,241.38,0.12,-148.62,-0.07,11334.4,22.67,0
290,Entry short,2025-12-31 21:55,Short,25479.5,4,203836,240.76,0.12,1.24,241.38,0.12,-148.62,-0.07,11334.4,22.67,0
291,Exit long,2026-01-12 17:15,Long Bracket,25949.25,4,207356,236.76,0.11,1.24,237.38,0.11,-448.62,-0.22,11571.16,23.14,10
291,Entry long,2026-01-12 16:25,Long,25919.5,4,207356,236.76,0.11,1.24,237.38,0.11,-448.62,-0.22,11571.16,23.14,10
292,Exit long,2026-01-12 20:55,Long Bracket,26016.5,4,207894,236.76,0.11,1.24,237.38,0.11,-198.62,-0.10,11807.92,23.62,21
292,Entry long,2026-01-12 19:10,Long,25986.75,4,207894,236.76,0.11,1.24,237.38,0.11,-198.62,-0.10,11807.92,23.62,21
293,Exit short,2026-01-14 13:00,Short Bracket,25720.5,4,206002,236.76,0.11,1.24,237.38,0.12,-68.62,-0.03,12044.68,24.09,1
293,Entry short,2026-01-14 12:55,Short,25750.25,4,206002,236.76,0.11,1.24,237.38,0.12,-68.62,-0.03,12044.68,24.09,1
294,Exit short,2026-01-14 15:40,Short Bracket,25666,4,205572,242.76,0.12,1.24,243.38,0.12,-130.62,-0.06,12287.44,24.57,0
294,Entry short,2026-01-14 15:40,Short,25696.5,4,205572,242.76,0.12,1.24,243.38,0.12,-130.62,-0.06,12287.44,24.57,0
295,Exit short,2026-01-14 17:50,Short Bracket,25447,4,203812,234.76,0.12,1.24,235.38,0.12,-6.62,0.00,12522.2,25.04,0
295,Entry short,2026-01-14 17:50,Short,25476.5,4,203812,234.76,0.12,1.24,235.38,0.12,-6.62,0.00,12522.2,25.04,0
296,Exit long,2026-01-15 14:05,Long Bracket,25863,4,206662,240.76,0.12,1.24,241.38,0.12,-174.62,-0.08,12762.96,25.53,24
296,Entry long,2026-01-15 12:05,Long,25832.75,4,206662,240.76,0.12,1.24,241.38,0.12,-174.62,-0.08,12762.96,25.53,24
297,Exit long,2026-01-15 15:20,Long Bracket,25923.75,4,207154,234.76,0.11,1.24,235.38,0.11,-28.62,-0.01,12997.72,26.00,7
297,Entry long,2026-01-15 14:45,Long,25894.25,4,207154,234.76,0.11,1.24,235.38,0.11,-28.62,-0.01,12997.72,26.00,7
298,Exit short,2026-01-20 22:00,Time Filter End,25143.5,4,200960,-189.24,-0.09,1.24,167.38,0.08,-194.62,-0.10,12808.48,25.62,3
298,Entry short,2026-01-20 21:45,Short,25120,4,200960,-189.24,-0.09,1.24,167.38,0.08,-194.62,-0.10,12808.48,25.62,3
299,Exit short,2026-01-21 12:45,Short Bracket,25104,4,201070,236.76,0.12,1.24,237.38,0.12,-10.62,-0.01,13045.24,26.09,2
299,Entry short,2026-01-21 12:35,Short,25133.75,4,201070,236.76,0.12,1.24,237.38,0.12,-10.62,-0.01,13045.24,26.09,2
300,Exit short,2026-01-21 15:00,Short Bracket,25128,4,200476,-549.24,-0.27,1.24,155.38,0.08,-548.62,-0.27,12496,24.99,4
300,Entry short,2026-01-21 14:40,Short,25059.5,4,200476,-549.24,-0.27,1.24,155.38,0.08,-548.62,-0.27,12496,24.99,4
301,Exit long,2026-01-21 15:55,Long Bracket,25319.5,4,202314,240.76,0.12,1.24,241.38,0.12,-106.62,-0.05,12736.76,25.47,0
301,Entry long,2026-01-21 15:55,Long,25289.25,4,202314,240.76,0.12,1.24,241.38,0.12,-106.62,-0.05,12736.76,25.47,0
302,Exit long,2026-01-22 15:35,Long Bracket,25644.75,4,205700,-543.24,-0.26,1.24,217.38,0.11,-542.62,-0.26,12193.52,24.39,41
302,Entry long,2026-01-22 12:10,Long,25712.5,4,205700,-543.24,-0.26,1.24,217.38,0.11,-542.62,-0.26,12193.52,24.39,41
303,Exit long,2026-01-26 17:30,Long Bracket,25910.5,4,207048,234.76,0.11,1.24,235.38,0.11,-384.62,-0.19,12428.28,24.86,13
303,Entry long,2026-01-26 16:25,Long,25881,4,207048,234.76,0.11,1.24,235.38,0.11,-384.62,-0.19,12428.28,24.86,13
304,Exit short,2026-01-29 15:30,Short Bracket,26126.25,4,209252,240.76,0.12,1.24,241.38,0.12,-380.62,-0.18,12669.04,25.34,14
304,Entry short,2026-01-29 14:20,Short,26156.5,4,209252,240.76,0.12,1.24,241.38,0.12,-380.62,-0.18,12669.04,25.34,14
305,Exit short,2026-01-29 16:10,Short Bracket,25766.75,4,206372,236.76,0.11,1.24,237.38,0.12,-236.62,-0.11,12905.8,25.81,1
305,Entry short,2026-01-29 16:05,Short,25796.5,4,206372,236.76,0.11,1.24,237.38,0.12,-236.62,-0.11,12905.8,25.81,1
306,Exit long,2026-02-02 15:50,Long Bracket,25775.25,4,205962,238.76,0.12,1.24,239.38,0.12,-14.62,-0.01,13144.56,26.29,0
306,Entry long,2026-02-02 15:50,Long,25745.25,4,205962,238.76,0.12,1.24,239.38,0.12,-14.62,-0.01,13144.56,26.29,0
307,Exit long,2026-02-02 18:10,Long Bracket,25924.5,4,207162,232.76,0.11,1.24,233.38,0.11,-472.62,-0.23,13377.32,26.75,7
307,Entry long,2026-02-02 17:35,Long,25895.25,4,207162,232.76,0.11,1.24,233.38,0.11,-472.62,-0.23,13377.32,26.75,7
308,Exit long,2026-02-02 20:55,Long Bracket,25864.25,4,207456,-543.24,-0.26,1.24,135.38,0.07,-542.62,-0.26,12834.08,25.67,13
308,Entry long,2026-02-02 19:50,Long,25932,4,207456,-543.24,-0.26,1.24,135.38,0.07,-542.62,-0.26,12834.08,25.67,13
309,Exit short,2026-02-03 17:50,Short Bracket,25466.5,4,203970,236.76,0.12,1.24,237.38,0.12,-304.62,-0.15,13070.84,26.14,4
309,Entry short,2026-02-03 17:30,Short,25496.25,4,203970,236.76,0.12,1.24,237.38,0.12,-304.62,-0.15,13070.84,26.14,4
310,Exit short,2026-02-03 19:30,Short Bracket,25307,4,202692,234.76,0.12,1.24,235.38,0.12,-22.62,-0.01,13305.6,26.61,1
310,Entry short,2026-02-03 19:25,Short,25336.5,4,202692,234.76,0.12,1.24,235.38,0.12,-22.62,-0.01,13305.6,26.61,1
311,Exit short,2026-02-04 16:00,Short Bracket,25169.25,4,201570,214.76,0.11,1.24,215.38,0.11,-6.62,0.00,13520.36,27.04,0
311,Entry short,2026-02-04 16:00,Short,25196.25,4,201570,214.76,0.11,1.24,215.38,0.11,-6.62,0.00,13520.36,27.04,0
312,Exit short,2026-02-04 17:45,Short Bracket,24948.5,4,199826,236.76,0.12,1.24,237.38,0.12,-54.62,-0.03,13757.12,27.51,0
312,Entry short,2026-02-04 17:45,Short,24978.25,4,199826,236.76,0.12,1.24,237.38,0.12,-54.62,-0.03,13757.12,27.51,0
313,Exit long,2026-02-06 12:55,Long Bracket,24872.5,4,198744,234.76,0.12,1.24,235.38,0.12,-140.62,-0.07,13991.88,27.98,3
313,Entry long,2026-02-06 12:40,Long,24843,4,198744,234.76,0.12,1.24,235.38,0.12,-140.62,-0.07,13991.88,27.98,3
314,Exit short,2026-02-12 19:00,Short Bracket,24819.75,4,198792,232.76,0.12,1.24,233.38,0.12,-134.62,-0.07,14224.64,28.45,1
314,Entry short,2026-02-12 18:55,Short,24849,4,198792,232.76,0.12,1.24,233.38,0.12,-134.62,-0.07,14224.64,28.45,1
315,Exit short,2026-02-16 16:30,Short Bracket,24699.5,4,197836,238.76,0.12,1.24,239.38,0.12,-6.62,0.00,14463.4,28.93,1
315,Entry short,2026-02-16 16:25,Short,24729.5,4,197836,238.76,0.12,1.24,239.38,0.12,-6.62,0.00,14463.4,28.93,1
316,Exit short,2026-02-19 13:00,Short Bracket,24818.75,4,198786,234.76,0.12,1.24,235.38,0.12,-300.62,-0.15,14698.16,29.40,11
316,Entry short,2026-02-19 12:05,Short,24848.25,4,198786,234.76,0.12,1.24,235.38,0.12,-300.62,-0.15,14698.16,29.40,11
317,Exit short,2026-02-19 15:40,Short Bracket,24784.75,4,198510,230.76,0.12,1.24,231.38,0.12,-4.62,0.00,14928.92,29.86,0
317,Entry short,2026-02-19 15:40,Short,24813.75,4,198510,230.76,0.12,1.24,231.38,0.12,-4.62,0.00,14928.92,29.86,0
318,Exit short,2026-02-20 14:30,Short Bracket,24781.75,4,198488,232.76,0.12,1.24,233.38,0.12,-424.62,-0.21,15161.68,30.32,14
318,Entry short,2026-02-20 13:20,Short,24811,4,198488,232.76,0.12,1.24,233.38,0.12,-424.62,-0.21,15161.68,30.32,14
319,Exit short,2026-02-20 15:30,Short Bracket,24682.75,4,197704,240.76,0.12,1.24,241.38,0.12,-176.62,-0.09,15402.44,30.80,2
319,Entry short,2026-02-20 15:20,Short,24713,4,197704,240.76,0.12,1.24,241.38,0.12,-176.62,-0.09,15402.44,30.80,2
320,Exit long,2026-02-20 16:50,Long Bracket,25105.5,4,200612,230.76,0.12,1.24,231.38,0.12,-168.62,-0.08,15633.2,31.27,0
320,Entry long,2026-02-20 16:50,Long,25076.5,4,200612,230.76,0.12,1.24,231.38,0.12,-168.62,-0.08,15633.2,31.27,0
321,Exit short,2026-02-26 16:15,Short Bracket,25037,4,200532,234.76,0.12,1.24,235.38,0.12,-8.62,0.00,15867.96,31.74,0
321,Entry short,2026-02-26 16:15,Short,25066.5,4,200532,234.76,0.12,1.24,235.38,0.12,-8.62,0.00,15867.96,31.74,0
322,Exit short,2026-02-26 18:45,Short Bracket,24933.25,4,199706,238.76,0.12,1.24,239.38,0.12,-368.62,-0.18,16106.72,32.21,9
322,Entry short,2026-02-26 18:00,Short,24963.25,4,199706,238.76,0.12,1.24,239.38,0.12,-368.62,-0.18,16106.72,32.21,9
323,Exit short,2026-02-27 14:15,Short Bracket,24891.5,4,199366,232.76,0.12,1.24,233.38,0.12,-176.62,-0.09,16339.48,32.68,4
323,Entry short,2026-02-27 13:55,Short,24920.75,4,199366,232.76,0.12,1.24,233.38,0.12,-176.62,-0.09,16339.48,32.68,4
324,Exit long,2026-03-02 17:25,Long Bracket,24910.5,4,199826,-543.24,-0.27,1.24,77.38,0.04,-542.62,-0.27,15796.24,31.59,3
324,Entry long,2026-03-02 17:10,Long,24978.25,4,199826,-543.24,-0.27,1.24,77.38,0.04,-542.62,-0.27,15796.24,31.59,3
325,Exit short,2026-03-03 12:20,Short Bracket,24375.25,4,195248,244.76,0.13,1.24,245.38,0.13,-4.62,0.00,16041,32.08,0
325,Entry short,2026-03-03 12:20,Short,24406,4,195248,244.76,0.13,1.24,245.38,0.13,-4.62,0.00,16041,32.08,0
326,Exit long,2026-03-04 12:15,Long Bracket,24885,4,198850,228.76,0.12,1.24,229.38,0.12,-144.62,-0.07,16269.76,32.54,2
326,Entry long,2026-03-04 12:05,Long,24856.25,4,198850,228.76,0.12,1.24,229.38,0.12,-144.62,-0.07,16269.76,32.54,2
327,Exit long,2026-03-04 16:15,Long Bracket,25025,4,199964,234.76,0.12,1.24,235.38,0.12,-304.62,-0.15,16504.52,33.01,1
327,Entry long,2026-03-04 16:10,Long,24995.5,4,199964,234.76,0.12,1.24,235.38,0.12,-304.62,-0.15,16504.52,33.01,1
328,Exit long,2026-03-04 19:30,Long Bracket,25186.5,4,201256,234.76,0.12,1.24,235.38,0.12,-416.62,-0.21,16739.28,33.48,15
328,Entry long,2026-03-04 18:15,Long,25157,4,201256,234.76,0.12,1.24,235.38,0.12,-416.62,-0.21,16739.28,33.48,15
329,Exit short,2026-03-06 12:40,Short Bracket,24880.75,4,199288,240.76,0.12,1.24,241.38,0.12,-416.62,-0.21,16980.04,33.96,6
329,Entry short,2026-03-06 12:10,Short,24911,4,199288,240.76,0.12,1.24,241.38,0.12,-416.62,-0.21,16980.04,33.96,6
330,Exit short,2026-03-06 14:35,Short Bracket,24792.5,4,198572,230.76,0.12,1.24,231.38,0.12,-200.62,-0.10,17210.8,34.42,0
330,Entry short,2026-03-06 14:35,Short,24821.5,4,198572,230.76,0.12,1.24,231.38,0.12,-200.62,-0.10,17210.8,34.42,0
331,Exit long,2026-03-09 17:00,Long Bracket,24671.75,4,197146,226.76,0.12,1.24,227.38,0.12,-106.62,-0.05,17437.56,34.88,0
331,Entry long,2026-03-09 17:00,Long,24643.25,4,197146,226.76,0.12,1.24,227.38,0.12,-106.62,-0.05,17437.56,34.88,0
332,Exit long,2026-03-13 13:45,Long Bracket,24684,4,197234,236.76,0.12,1.24,237.38,0.12,-162.62,-0.08,17674.32,35.35,3
332,Entry long,2026-03-13 13:30,Long,24654.25,4,197234,236.76,0.12,1.24,237.38,0.12,-162.62,-0.08,17674.32,35.35,3
333,Exit long,2026-03-16 13:10,Long Bracket,24665,4,197086,232.76,0.12,1.24,233.38,0.12,-42.62,-0.02,17907.08,35.81,1
333,Entry long,2026-03-16 13:05,Long,24635.75,4,197086,232.76,0.12,1.24,233.38,0.12,-42.62,-0.02,17907.08,35.81,1
334,Exit long,2026-03-16 15:20,Long Bracket,24765.25,4,197876,244.76,0.12,1.24,245.38,0.12,-26.62,-0.01,18151.84,36.30,0
334,Entry long,2026-03-16 15:20,Long,24734.5,4,197876,244.76,0.12,1.24,245.38,0.12,-26.62,-0.01,18151.84,36.30,0
335,Exit long,2026-03-17 14:30,Long Bracket,25046,4,200128,238.76,0.12,1.24,239.38,0.12,-414.62,-0.21,18390.6,36.78,1
335,Entry long,2026-03-17 14:25,Long,25016,4,200128,238.76,0.12,1.24,239.38,0.12,-414.62,-0.21,18390.6,36.78,1
336,Exit short,2026-03-18 13:40,Short Bracket,24935,4,199718,236.76,0.12,1.24,237.38,0.12,-250.62,-0.13,18627.36,37.25,1
336,Entry short,2026-03-18 13:35,Short,24964.75,4,199718,236.76,0.12,1.24,237.38,0.12,-250.62,-0.13,18627.36,37.25,1
337,Exit short,2026-03-18 15:25,Short Bracket,24862,4,199134,236.76,0.12,1.24,237.38,0.12,-26.62,-0.01,18864.12,37.73,0
337,Entry short,2026-03-18 15:25,Short,24891.75,4,199134,236.76,0.12,1.24,237.38,0.12,-26.62,-0.01,18864.12,37.73,0
338,Exit short,2026-03-24 14:50,Short Bracket,24143.5,4,193428,278.76,0.14,1.24,279.38,0.14,-404.62,-0.21,19142.88,38.29,1
338,Entry short,2026-03-24 14:45,Short,24178.5,4,193428,278.76,0.14,1.24,279.38,0.14,-404.62,-0.21,19142.88,38.29,1
339,Exit short,2026-03-26 14:25,Short Bracket,24160.25,4,192740,-543.24,-0.28,1.24,155.38,0.08,-542.62,-0.28,18599.64,37.20,10
339,Entry short,2026-03-26 13:35,Short,24092.5,4,192740,-543.24,-0.28,1.24,155.38,0.08,-542.62,-0.28,18599.64,37.20,10
340,Exit short,2026-03-26 18:20,Short Bracket,23946,4,191810,240.76,0.13,1.24,241.38,0.13,-6.62,0.00,18840.4,37.68,0
340,Entry short,2026-03-26 18:20,Short,23976.25,4,191810,240.76,0.13,1.24,241.38,0.13,-6.62,0.00,18840.4,37.68,0
341,Exit short,2026-03-26 20:45,Short Bracket,23806.25,4,190690,238.76,0.13,1.24,239.38,0.13,-182.62,-0.10,19079.16,38.16,7
341,Entry short,2026-03-26 20:10,Short,23836.25,4,190690,238.76,0.13,1.24,239.38,0.13,-182.62,-0.10,19079.16,38.16,7
342,Exit short,2026-03-27 11:35,Short Bracket,23705.5,4,189868,222.76,0.12,1.24,223.38,0.12,-272.62,-0.14,19301.92,38.60,6
342,Entry short,2026-03-27 11:05,Short,23733.5,4,189868,222.76,0.12,1.24,223.38,0.12,-272.62,-0.14,19301.92,38.60,6
343,Exit short,2026-03-27 14:00,Short Bracket,23588,4,188944,238.76,0.13,1.24,239.38,0.13,-316.62,-0.17,19540.68,39.08,10
343,Entry short,2026-03-27 13:10,Short,23618,4,188944,238.76,0.13,1.24,239.38,0.13,-316.62,-0.17,19540.68,39.08,10
344,Exit short,2026-03-27 15:50,Short Bracket,23524.75,4,187654,-545.24,-0.29,1.24,143.38,0.08,-544.62,-0.29,18995.44,37.99,2
344,Entry short,2026-03-27 15:40,Short,23456.75,4,187654,-545.24,-0.29,1.24,143.38,0.08,-544.62,-0.29,18995.44,37.99,2
345,Exit long,2026-03-30 15:30,Long Bracket,23530,4,187996,242.76,0.13,1.24,243.38,0.13,-144.62,-0.08,19238.2,38.48,13
345,Entry long,2026-03-30 14:25,Long,23499.5,4,187996,242.76,0.13,1.24,243.38,0.13,-144.62,-0.08,19238.2,38.48,13
346,Exit long,2026-03-31 16:40,Long Bracket,23499.75,4,188546,-549.24,-0.29,1.24,161.38,0.09,-548.62,-0.29,18688.96,37.38,2
346,Entry long,2026-03-31 16:30,Long,23568.25,4,188546,-549.24,-0.29,1.24,161.38,0.09,-548.62,-0.29,18688.96,37.38,2
347,Exit long,2026-03-31 20:25,Long Bracket,23848,4,190544,238.76,0.13,1.24,239.38,0.13,-196.62,-0.10,18927.72,37.86,2
347,Entry long,2026-03-31 20:15,Long,23818,4,190544,238.76,0.13,1.24,239.38,0.13,-196.62,-0.10,18927.72,37.86,2
348,Exit long,2026-04-01 18:15,Long Bracket,24331,4,194412,234.76,0.12,1.24,235.38,0.12,-54.62,-0.03,19162.48,38.32,4
348,Entry long,2026-04-01 17:55,Long,24301.5,4,194412,234.76,0.12,1.24,235.38,0.12,-54.62,-0.03,19162.48,38.32,4
349,Exit short,2026-04-07 14:15,Short Bracket,24148.25,4,193424,236.76,0.12,1.24,237.38,0.12,-96.62,-0.05,19399.24,38.80,1
349,Entry short,2026-04-07 14:10,Short,24178,4,193424,236.76,0.12,1.24,237.38,0.12,-96.62,-0.05,19399.24,38.80,1
350,Exit long,2026-04-07 20:40,Long Bracket,24163.5,4,193850,-543.24,-0.28,1.24,187.38,0.10,-542.62,-0.28,18856,37.71,11
350,Entry long,2026-04-07 19:45,Long,24231.25,4,193850,-543.24,-0.28,1.24,187.38,0.10,-542.62,-0.28,18856,37.71,11
351,Exit long,2026-04-09 15:55,Long Bracket,25008,4,200608,-545.24,-0.27,1.24,0,0.00,-544.62,-0.27,18310.76,36.62,1
351,Entry long,2026-04-09 15:50,Long,25076,4,200608,-545.24,-0.27,1.24,0,0.00,-544.62,-0.27,18310.76,36.62,1
352,Exit long,2026-04-09 19:40,Long Bracket,25255,4,201802,236.76,0.12,1.24,237.38,0.12,-276.62,-0.14,18547.52,37.10,6
352,Entry long,2026-04-09 19:10,Long,25225.25,4,201802,236.76,0.12,1.24,237.38,0.12,-276.62,-0.14,18547.52,37.10,6
353,Exit long,2026-04-10 15:30,Long Bracket,25343,4,202506,236.76,0.12,1.24,237.38,0.12,-158.62,-0.08,18784.28,37.57,10
353,Entry long,2026-04-10 14:40,Long,25313.25,4,202506,236.76,0.12,1.24,237.38,0.12,-158.62,-0.08,18784.28,37.57,10
354,Exit long,2026-04-10 17:15,Long Bracket,25375.5,4,202768,234.76,0.12,1.24,235.38,0.12,-320.62,-0.16,19019.04,38.04,7
354,Entry long,2026-04-10 16:40,Long,25346,4,202768,234.76,0.12,1.24,235.38,0.12,-320.62,-0.16,19019.04,38.04,7
355,Exit long,2026-04-13 16:50,Long Bracket,25335,4,202440,238.76,0.12,1.24,239.38,0.12,-246.62,-0.12,19257.8,38.52,3
355,Entry long,2026-04-13 16:35,Long,25305,4,202440,238.76,0.12,1.24,239.38,0.12,-246.62,-0.12,19257.8,38.52,3
356,Exit long,2026-04-13 18:20,Long Bracket,25358.75,4,202636,232.76,0.11,1.24,233.38,0.12,-8.62,0.00,19490.56,38.98,0
356,Entry long,2026-04-13 18:20,Long,25329.5,4,202636,232.76,0.11,1.24,233.38,0.12,-8.62,0.00,19490.56,38.98,0
357,Exit long,2026-04-13 20:55,Long Bracket,25453.75,4,203394,234.76,0.12,1.24,235.38,0.12,-6.62,0.00,19725.32,39.45,2
357,Entry long,2026-04-13 20:45,Long,25424.25,4,203394,234.76,0.12,1.24,235.38,0.12,-6.62,0.00,19725.32,39.45,2
358,Exit long,2026-04-14 17:30,Long Bracket,25847.75,4,206544,236.76,0.11,1.24,237.38,0.11,-444.62,-0.22,19962.08,39.92,7
358,Entry long,2026-04-14 16:55,Long,25818,4,206544,236.76,0.11,1.24,237.38,0.11,-444.62,-0.22,19962.08,39.92,7
359,Exit long,2026-04-14 20:25,Long Bracket,25887.5,4,207648,-549.24,-0.26,1.24,105.38,0.05,-548.62,-0.26,19412.84,38.83,12
359,Entry long,2026-04-14 19:25,Long,25956,4,207648,-549.24,-0.26,1.24,105.38,0.05,-548.62,-0.26,19412.84,38.83,12
360,Exit long,2026-04-15 18:15,Long Bracket,26238,4,209674,228.76,0.11,1.24,229.38,0.11,-186.62,-0.09,19641.6,39.28,5
360,Entry long,2026-04-15 17:50,Long,26209.25,4,209674,228.76,0.11,1.24,229.38,0.11,-186.62,-0.09,19641.6,39.28,5
361,Exit long,2026-04-15 21:55,Long Bracket,26366.5,4,210694,236.76,0.11,1.24,237.38,0.11,-60.62,-0.03,19878.36,39.76,5
361,Entry long,2026-04-15 21:30,Long,26336.75,4,210694,236.76,0.11,1.24,237.38,0.11,-60.62,-0.03,19878.36,39.76,5
362,Exit long,2026-04-17 16:30,Long Bracket,26780.5,4,214004,238.76,0.11,1.24,239.38,0.11,-412.62,-0.19,20117.12,40.23,5
362,Entry long,2026-04-17 16:05,Long,26750.5,4,214004,238.76,0.11,1.24,239.38,0.11,-412.62,-0.19,20117.12,40.23,5
363,Exit short,2026-04-20 17:05,Short Bracket,26575.25,4,212838,234.76,0.11,1.24,235.38,0.11,-120.62,-0.06,20351.88,40.70,0
363,Entry short,2026-04-20 17:05,Short,26604.75,4,212838,234.76,0.11,1.24,235.38,0.11,-120.62,-0.06,20351.88,40.70,0
364,Exit short,2026-04-27 15:45,Short Bracket,27338.75,4,218950,238.76,0.11,1.24,239.38,0.11,-352.62,-0.16,20590.64,41.18,2
364,Entry short,2026-04-27 15:35,Short,27368.75,4,218950,238.76,0.11,1.24,239.38,0.11,-352.62,-0.16,20590.64,41.18,2
365,Exit short,2026-04-27 17:20,Short Bracket,27309,4,218708,234.76,0.11,1.24,235.38,0.11,-40.62,-0.02,20825.4,41.65,0
365,Entry short,2026-04-27 17:20,Short,27338.5,4,218708,234.76,0.11,1.24,235.38,0.11,-40.62,-0.02,20825.4,41.65,0
366,Exit short,2026-04-28 12:45,Short Bracket,27242.25,4,218176,236.76,0.11,1.24,237.38,0.11,-98.62,-0.05,21062.16,42.12,5
366,Entry short,2026-04-28 12:20,Short,27272,4,218176,236.76,0.11,1.24,237.38,0.11,-98.62,-0.05,21062.16,42.12,5
367,Exit short,2026-04-28 14:10,Short Bracket,27065,4,216752,230.76,0.11,1.24,231.38,0.11,-112.62,-0.05,21292.92,42.59,1
367,Entry short,2026-04-28 14:05,Short,27094,4,216752,230.76,0.11,1.24,231.38,0.11,-112.62,-0.05,21292.92,42.59,1
368,Exit short,2026-04-28 18:50,Short Bracket,27090.5,4,216176,-549.24,-0.25,1.24,125.38,0.06,-548.62,-0.25,20743.68,41.49,15
368,Entry short,2026-04-28 17:35,Short,27022,4,216176,-549.24,-0.25,1.24,125.38,0.06,-548.62,-0.25,20743.68,41.49,15
369,Exit short,2026-05-04 18:15,Short Bracket,27635.75,4,221322,234.76,0.11,1.24,235.38,0.11,-182.62,-0.08,20978.44,41.96,1
369,Entry short,2026-05-04 18:10,Short,27665.25,4,221322,234.76,0.11,1.24,235.38,0.11,-182.62,-0.08,20978.44,41.96,1
370,Exit long,2026-05-05 14:05,Long Bracket,27966.75,4,223488,244.76,0.11,1.24,245.38,0.11,-290.62,-0.13,21223.2,42.45,20
370,Entry long,2026-05-05 12:25,Long,27936,4,223488,244.76,0.11,1.24,245.38,0.11,-290.62,-0.13,21223.2,42.45,20
371,Exit long,2026-05-05 15:35,Long Bracket,28055.25,4,224206,234.76,0.10,1.24,235.38,0.10,-50.62,-0.02,21457.96,42.92,0
371,Entry long,2026-05-05 15:35,Long,28025.75,4,224206,234.76,0.10,1.24,235.38,0.10,-50.62,-0.02,21457.96,42.92,0
372,Exit long,2026-05-05 19:50,Long Bracket,28155.75,4,225006,238.76,0.11,1.24,239.38,0.11,-278.62,-0.12,21696.72,43.39,30
372,Entry long,2026-05-05 17:20,Long,28125.75,4,225006,238.76,0.11,1.24,239.38,0.11,-278.62,-0.12,21696.72,43.39,30
373,Exit long,2026-05-06 12:15,Long Bracket,28542.5,4,228106,232.76,0.10,1.24,233.38,0.10,-58.62,-0.03,21929.48,43.86,1
373,Entry long,2026-05-06 12:10,Long,28513.25,4,228106,232.76,0.10,1.24,233.38,0.10,-58.62,-0.03,21929.48,43.86,1
374,Exit long,2026-05-08 17:35,Long Bracket,29192,4,233300,234.76,0.10,1.24,235.38,0.10,-298.62,-0.13,22164.24,44.33,7
374,Entry long,2026-05-08 17:00,Long,29162.5,4,233300,234.76,0.10,1.24,235.38,0.10,-298.62,-0.13,22164.24,44.33,7
375,Exit long,2026-05-08 19:00,Long Bracket,29271.25,4,233932,236.76,0.10,1.24,237.38,0.10,-52.62,-0.02,22401,44.80,0
375,Entry long,2026-05-08 19:00,Long,29241.5,4,233932,236.76,0.10,1.24,237.38,0.10,-52.62,-0.02,22401,44.80,0
376,Exit short,2026-05-12 18:30,Short Bracket,28809.75,4,230716,236.76,0.10,1.24,237.38,0.10,-54.62,-0.02,22637.76,45.28,0
376,Entry short,2026-05-12 18:30,Short,28839.5,4,230716,236.76,0.10,1.24,237.38,0.10,-54.62,-0.02,22637.76,45.28,0
377,Exit short,2026-05-13 15:50,Short Bracket,29105.5,4,233080,234.76,0.10,1.24,235.38,0.10,-4.62,0.00,22872.52,45.75,0
377,Entry short,2026-05-13 15:50,Short,29135,4,233080,234.76,0.10,1.24,235.38,0.10,-4.62,0.00,22872.52,45.75,0
378,Exit long,2026-05-27 14:15,Long Bracket,30300.75,4,242168,236.76,0.10,1.24,237.38,0.10,-224.62,-0.09,23109.28,46.22,9
378,Entry long,2026-05-27 13:30,Long,30271,4,242168,236.76,0.10,1.24,237.38,0.10,-224.62,-0.09,23109.28,46.22,9
379,Exit short,2026-05-27 15:45,Short Bracket,29951.25,4,239854,242.76,0.10,1.24,243.38,0.10,-4.62,0.00,23352.04,46.70,0
379,Entry short,2026-05-27 15:45,Short,29981.75,4,239854,242.76,0.10,1.24,243.38,0.10,-4.62,0.00,23352.04,46.70,0
380,Exit short,2026-05-27 18:00,Short Bracket,29958.25,4,239118,-549.24,-0.23,1.24,99.38,0.04,-548.62,-0.23,22802.8,45.61,3
380,Entry short,2026-05-27 17:45,Short,29889.75,4,239118,-549.24,-0.23,1.24,99.38,0.04,-548.62,-0.23,22802.8,45.61,3
381,Exit long,2026-05-28 17:25,Long Bracket,30262.75,4,241864,236.76,0.10,1.24,237.38,0.10,-192.62,-0.08,23039.56,46.08,4
381,Entry long,2026-05-28 17:05,Long,30233,4,241864,236.76,0.10,1.24,237.38,0.10,-192.62,-0.08,23039.56,46.08,4
382,Exit long,2026-05-28 19:45,Long Bracket,30336.25,4,242456,232.76,0.10,1.24,233.38,0.10,-198.62,-0.08,23272.32,46.54,11
382,Entry long,2026-05-28 18:50,Long,30307,4,242456,232.76,0.10,1.24,233.38,0.10,-198.62,-0.08,23272.32,46.54,11
383,Exit short,2026-06-04 12:40,Short Bracket,30250.25,4,242236,232.76,0.10,1.24,233.38,0.10,-218.62,-0.09,23505.08,47.01,4
383,Entry short,2026-06-04 12:20,Short,30279.5,4,242236,232.76,0.10,1.24,233.38,0.10,-218.62,-0.09,23505.08,47.01,4
384,Exit short,2026-06-05 15:30,Short Bracket,30005.75,4,240284,236.76,0.10,1.24,237.38,0.10,-4.62,0.00,23741.84,47.48,0
384,Entry short,2026-06-05 15:30,Short,30035.5,4,240284,236.76,0.10,1.24,237.38,0.10,-4.62,0.00,23741.84,47.48,0
385,Exit short,2026-06-05 17:20,Short Bracket,29698,4,237824,238.76,0.10,1.24,239.38,0.10,-296.62,-0.12,23980.6,47.96,1
385,Entry short,2026-06-05 17:15,Short,29728,4,237824,238.76,0.10,1.24,239.38,0.10,-296.62,-0.12,23980.6,47.96,1
386,Exit short,2026-06-05 19:15,Short Bracket,29379.25,4,235276,240.76,0.10,1.24,241.38,0.10,-38.62,-0.02,24221.36,48.44,0
386,Entry short,2026-06-05 19:15,Short,29409.5,4,235276,240.76,0.10,1.24,241.38,0.10,-38.62,-0.02,24221.36,48.44,0
387,Exit short,2026-06-05 21:15,Short Bracket,29041.25,4,232568,236.76,0.10,1.24,237.38,0.10,-4.62,0.00,24458.12,48.92,0
387,Entry short,2026-06-05 21:15,Short,29071,4,232568,236.76,0.10,1.24,237.38,0.10,-4.62,0.00,24458.12,48.92,0
388,Exit short,2026-06-09 17:30,Short Bracket,28830.25,4,230886,242.76,0.11,1.24,243.38,0.11,-4.62,0.00,24700.88,49.40,0
388,Entry short,2026-06-09 17:30,Short,28860.75,4,230886,242.76,0.11,1.24,243.38,0.11,-4.62,0.00,24700.88,49.40,0
389,Exit long,2026-06-10 16:15,Long Bracket,29122.5,4,232742,236.76,0.10,1.24,237.38,0.10,-4.62,0.00,24937.64,49.88,0
389,Entry long,2026-06-10 16:15,Long,29092.75,4,232742,236.76,0.10,1.24,237.38,0.10,-4.62,0.00,24937.64,49.88,0
390,Exit short,2026-06-16 16:20,Short Bracket,30708.5,4,245908,238.76,0.10,1.24,239.38,0.10,-254.62,-0.10,25176.4,50.35,0
390,Entry short,2026-06-16 16:20,Short,30738.5,4,245908,238.76,0.10,1.24,239.38,0.10,-254.62,-0.10,25176.4,50.35,0
391,Exit short,2026-06-16 19:20,Short Bracket,30440,4,243766,244.76,0.10,1.24,245.38,0.10,-434.62,-0.18,25421.16,50.84,8
391,Entry short,2026-06-16 18:40,Short,30470.75,4,243766,244.76,0.10,1.24,245.38,0.10,-434.62,-0.18,25421.16,50.84,8
392,Exit short,2026-06-16 20:35,Short Bracket,30430.75,4,243680,232.76,0.10,1.24,233.38,0.10,-202.62,-0.08,25653.92,51.31,2
392,Entry short,2026-06-16 20:25,Short,30460,4,243680,232.76,0.10,1.24,233.38,0.10,-202.62,-0.08,25653.92,51.31,2
393,Exit short,2026-06-22 18:00,Short Bracket,30522.5,4,244418,236.76,0.10,1.24,237.38,0.10,-310.62,-0.13,25890.68,51.78,1
393,Entry short,2026-06-22 17:55,Short,30552.25,4,244418,236.76,0.10,1.24,237.38,0.10,-310.62,-0.13,25890.68,51.78,1
394,Exit long,2026-06-30 17:50,Long Bracket,30460.5,4,243448,234.76,0.10,1.24,235.38,0.10,-300.62,-0.12,26125.44,52.25,3
394,Entry long,2026-06-30 17:35,Long,30431,4,243448,234.76,0.10,1.24,235.38,0.10,-300.62,-0.12,26125.44,52.25,3
395,Exit long,2026-06-30 20:45,Long Bracket,30564,4,244276,234.76,0.10,1.24,235.38,0.10,-96.62,-0.04,26360.2,52.72,3
395,Entry long,2026-06-30 20:30,Long,30534.5,4,244276,234.76,0.10,1.24,235.38,0.10,-96.62,-0.04,26360.2,52.72,3
396,Exit short,2026-07-02 18:00,Short Bracket,29646,4,237406,236.76,0.10,1.24,237.38,0.10,-104.62,-0.04,26596.96,53.19,0
396,Entry short,2026-07-02 18:00,Short,29675.75,4,237406,236.76,0.10,1.24,237.38,0.10,-104.62,-0.04,26596.96,53.19,0
397,Exit short,2026-07-02 19:45,Short Bracket,29374.5,4,235238,240.76,0.10,1.24,241.38,0.10,-34.62,-0.01,26837.72,53.68,0
397,Entry short,2026-07-02 19:45,Short,29404.75,4,235238,240.76,0.10,1.24,241.38,0.10,-34.62,-0.01,26837.72,53.68,0
398,Exit short,2026-07-08 12:25,Short Bracket,29016.75,4,231592,-543.24,-0.23,1.24,201.38,0.09,-542.62,-0.23,26294.48,52.59,4
398,Entry short,2026-07-08 12:05,Short,28949,4,231592,-543.24,-0.23,1.24,201.38,0.09,-542.62,-0.23,26294.48,52.59,4
399,Exit short,2026-07-13 19:35,Short Bracket,29488,4,236144,238.76,0.10,1.24,239.38,0.10,-124.62,-0.05,26533.24,53.07,1
399,Entry short,2026-07-13 19:30,Short,29518,4,236144,238.76,0.10,1.24,239.38,0.10,-124.62,-0.05,26533.24,53.07,1
400,Exit short,2026-07-15 18:00,Short Bracket,29553.25,4,236662,234.76,0.10,1.24,235.38,0.10,-138.62,-0.06,26768,53.54,1
400,Entry short,2026-07-15 17:55,Short,29582.75,4,236662,234.76,0.10,1.24,235.38,0.10,-138.62,-0.06,26768,53.54,1
401,Exit short,2026-07-16 13:45,Short Bracket,29421.5,4,235608,234.76,0.10,1.24,235.38,0.10,-84.62,-0.04,27002.76,54.01,1
401,Entry short,2026-07-16 13:40,Short,29451,4,235608,234.76,0.10,1.24,235.38,0.10,-84.62,-0.04,27002.76,54.01,1
402,Exit short,2026-07-23 16:20,Short Bracket,28772,4,229626,-551.24,-0.24,1.24,131.38,0.06,-550.62,-0.24,26451.52,52.90,1
402,Entry short,2026-07-23 16:15,Short,28703.25,4,229626,-551.24,-0.24,1.24,131.38,0.06,-550.62,-0.24,26451.52,52.90,1
403,Exit short,2026-07-24 16:45,Short Bracket,28257.25,4,226298,238.76,0.11,1.24,239.38,0.11,-4.62,0.00,26690.28,53.38,0
403,Entry short,2026-07-24 16:45,Short,28287.25,4,226298,238.76,0.11,1.24,239.38,0.11,-4.62,0.00,26690.28,53.38,0
404,Exit short,2026-07-27 15:45,Short Bracket,28425,4,227638,236.76,0.10,1.24,237.38,0.10,-4.62,0.00,26927.04,53.85,0
404,Entry short,2026-07-27 15:45,Short,28454.75,4,227638,236.76,0.10,1.24,237.38,0.10,-4.62,0.00,26927.04,53.85,0
405,Exit short,2026-07-27 17:35,Short Bracket,27997.75,4,224220,236.76,0.11,1.24,237.38,0.11,-50.62,-0.02,27163.8,54.33,0
405,Entry short,2026-07-27 17:35,Short,28027.5,4,224220,236.76,0.11,1.24,237.38,0.11,-50.62,-0.02,27163.8,54.33,0
406,Exit short,2026-07-29 17:40,Short Bracket,27525.5,4,220440,234.76,0.11,1.24,235.38,0.11,-328.62,-0.15,27398.56,54.80,2
406,Entry short,2026-07-29 17:30,Short,27555,4,220440,234.76,0.11,1.24,235.38,0.11,-328.62,-0.15,27398.56,54.80,2
407,Exit long,2026-07-30 15:35,Long Bracket,27906.25,4,223018,230.76,0.10,1.24,231.38,0.10,-512.62,-0.23,27629.32,55.26,1
407,Entry long,2026-07-30 15:30,Long,27877.25,4,223018,230.76,0.10,1.24,231.38,0.10,-512.62,-0.23,27629.32,55.26,1
408,Exit long,2026-07-30 18:10,Long Bracket,28180.25,4,225202,238.76,0.11,1.24,239.38,0.11,-116.62,-0.05,27868.08,55.74,1
408,Entry long,2026-07-30 18:05,Long,28150.25,4,225202,238.76,0.11,1.24,239.38,0.11,-116.62,-0.05,27868.08,55.74,1
409,Exit long,2026-08-03 19:25,Long Bracket,28887.75,4,230862,238.76,0.10,1.24,239.38,0.10,-18.62,-0.01,28106.84,56.21,2
409,Entry long,2026-08-03 19:15,Long,28857.75,4,230862,238.76,0.10,1.24,239.38,0.10,-18.62,-0.01,28106.84,56.21,2
410,Exit long,2026-08-04 15:35,Long Bracket,29412.75,4,235060,240.76,0.10,1.24,241.38,0.10,-240.62,-0.10,28347.6,56.70,0
410,Entry long,2026-08-04 15:35,Long,29382.5,4,235060,240.76,0.10,1.24,241.38,0.10,-240.62,-0.10,28347.6,56.70,0
411,Exit long,2026-08-04 17:25,Long Bracket,29662.75,4,237066,234.76,0.10,1.24,235.38,0.10,-22.62,-0.01,28582.36,57.16,1
411,Entry long,2026-08-04 17:20,Long,29633.25,4,237066,234.76,0.10,1.24,235.38,0.10,-22.62,-0.01,28582.36,57.16,1
412,Exit long,2026-08-04 19:25,Long Bracket,29811.5,4,238256,234.76,0.10,1.24,235.38,0.10,-106.62,-0.04,28817.12,57.63,4
412,Entry long,2026-08-04 19:05,Long,29782,4,238256,234.76,0.10,1.24,235.38,0.10,-106.62,-0.04,28817.12,57.63,4
413,Exit long,2026-08-04 21:15,Long Bracket,29944.25,4,239320,232.76,0.10,1.24,233.38,0.10,-94.62,-0.04,29049.88,58.10,2
413,Entry long,2026-08-04 21:05,Long,29915,4,239320,232.76,0.10,1.24,233.38,0.10,-94.62,-0.04,29049.88,58.10,2
414,Exit short,2026-08-10 15:40,Short Bracket,29733.5,4,238102,232.76,0.10,1.24,233.38,0.10,-204.62,-0.09,29282.64,58.57,0
414,Entry short,2026-08-10 15:40,Short,29762.75,4,238102,232.76,0.10,1.24,233.38,0.10,-204.62,-0.09,29282.64,58.57,0
415,Exit short,2026-08-11 20:25,Short Bracket,29553.25,4,236664,236.76,0.10,1.24,237.38,0.10,-36.62,-0.02,29519.4,59.04,0
415,Entry short,2026-08-11 20:25,Short,29583,4,236664,236.76,0.10,1.24,237.38,0.10,-36.62,-0.02,29519.4,59.04,0
416,Exit long,2026-08-12 14:25,Long Bracket,29868.5,4,238710,236.76,0.10,1.24,237.38,0.10,-452.62,-0.19,29756.16,59.51,26
416,Entry long,2026-08-12 12:15,Long,29838.75,4,238710,236.76,0.10,1.24,237.38,0.10,-452.62,-0.19,29756.16,59.51,26
417,Exit long,2026-08-13 17:30,Long Bracket,30163.25,4,241854,-549.24,-0.23,1.24,33.38,0.01,-548.62,-0.23,29206.92,58.41,1
417,Entry long,2026-08-13 17:25,Long,30231.75,4,241854,-549.24,-0.23,1.24,33.38,0.01,-548.62,-0.23,29206.92,58.41,1
418,Exit short,2026-08-17 22:00,Time Filter End,30092.25,4,240742,2.76,0.00,1.24,209.38,0.09,-350.62,-0.15,29209.68,58.42,23
418,Entry short,2026-08-17 20:05,Short,30092.75,4,240742,2.76,0.00,1.24,209.38,0.09,-350.62,-0.15,29209.68,58.42,23